"Boss","Zone","Tier","TierName","Difficulty","CustomClimax","DesignSummary","IntendedBuild","TargetClearTime","Level","HP_1PC","HP_2PC","HP_3PlusPC","PopCostHuntMarks","BaseInfamy","BaseGil","BaseCruor","ATT_Add","DEF_Add","MATT_Add","ACC_Add","EVA_Add","MACC_Add","MEVA_Add","WeaponDMG_Add","DoubleAttackPct_Add","HastePct_Add","AllElementMEVA_Add","FirstSignatureSec","RepeatIntervalSec","PressureStartsSec","PressureStepSec","RepeatTitle","RepeatType","RepeatTell","RepeatCounter","RepeatWindowSec","RepeatFailDamagePctMaxHP","RepeatFailStatus","RepeatStatusDurationSec","RepeatFailMessage","RepeatSuccessMessage","RepeatSuccessReward","Phase70Title","Phase70Type","Phase70Tell","Phase70Counter","Phase70WindowSec","Phase70FailDamagePctMaxHP","Phase70FailStatus","Phase70StatusDurationSec","Phase70FailMessage","Phase70SuccessMessage","Phase70SuccessReward","Phase30Title","Phase30Type","Phase30Tell","Phase30Counter","Phase30WindowSec","Phase30FailDamagePctMaxHP","Phase30FailStatus","Phase30StatusDurationSec","Phase30FailMessage","Phase30SuccessMessage","Phase30SuccessReward","FailEscalationPerStack","PressurePerStack","OwnerRule","ProcRules","RewardRules","SourceKey"
"Arimaspi","Abyssea - Konschtat","1","Visions","Entry","No","Standard Visions encounter: one mechanic taught repeatedly and reinforced at both phase floors.","Enhanced Relic; no Atma assumed","5-7 min solo","120","4000000","6200000","8400000","200","25","250000","1000","6500","850","2000","700","800","700","250","300","20","10","50","24","52","240","30","Clouded Lens","turn","Clouded Lens - its eye clouds over; turn away!","Turn away; the owner must not be facing the boss when the check resolves.","5","20","POISON","6","The lens sears your sight.","The lens cracks and Arimaspi reels.","10s vulnerability: DEF -300, EVA -100, MDEF -35; also removes one escalation stack.","Clouded Lens","turn","At 70%: Clouded Lens - its eye clouds over; turn away!","Turn away; the owner must not be facing the boss when the check resolves.","5","20","POISON","6","The lens sears your sight.","The lens cracks and Arimaspi reels.","10s vulnerability: DEF -300, EVA -100, MDEF -35; also removes one escalation stack.","Clouded Lens","turn","Final test at 30%: Clouded Lens - its eye clouds over; turn away!","Turn away; the owner must not be facing the boss when the check resolves.","4","25","POISON","6","The lens sears your sight.","The lens cracks and Arimaspi reels.","12s vulnerability: DEF -300, EVA -100, MDEF -35; also removes one escalation stack.","ATT +500; MATT +200","ATT +175; MATT +55; Haste +0.25%","Only the player who popped the NM is checked; Trust actions do not fail hold-fire tests.","Red removes one escalation stack; Yellow suppresses spells and opens magic vulnerability; Blue suppresses TP moves and opens physical vulnerability.","First logical clear refunds half pop cost. 2+ real PCs: x2 Gil/Infamy. No Trusts: x1.5. Bonuses stack to x3.","arimaspi"
"Bloodguzzler","Abyssea - Konschtat","1","Visions","Entry","No","Standard Visions encounter: one mechanic taught repeatedly and reinforced at both phase floors.","Enhanced Relic; no Atma assumed","5-7 min solo","120","4000000","6200000","8400000","200","25","250000","1000","6500","850","2000","700","800","700","250","300","20","10","50","24","52","240","30","Crimson Thirst","highhp","Crimson Thirst - it scents weakness; recover above 70% HP!","Heal the fight owner to at least 70% HP.","5","20","PARALYSIS","6","Bloodguzzler drinks deeply.","Your vitality denies the feeding frenzy.","10s vulnerability: DEF -300, EVA -100, MDEF -35; also removes one escalation stack.","Crimson Thirst","highhp","At 70%: Crimson Thirst - it scents weakness; recover above 70% HP!","Heal the fight owner to at least 70% HP.","5","20","PARALYSIS","6","Bloodguzzler drinks deeply.","Your vitality denies the feeding frenzy.","10s vulnerability: DEF -300, EVA -100, MDEF -35; also removes one escalation stack.","Crimson Thirst","highhp","Final test at 30%: Crimson Thirst - it scents weakness; recover above 70% HP!","Heal the fight owner to at least 70% HP.","4","25","PARALYSIS","6","Bloodguzzler drinks deeply.","Your vitality denies the feeding frenzy.","12s vulnerability: DEF -300, EVA -100, MDEF -35; also removes one escalation stack.","ATT +500; MATT +200","ATT +175; MATT +55; Haste +0.25%","Only the player who popped the NM is checked; Trust actions do not fail hold-fire tests.","Red removes one escalation stack; Yellow suppresses spells and opens magic vulnerability; Blue suppresses TP moves and opens physical vulnerability.","First logical clear refunds half pop cost. 2+ real PCs: x2 Gil/Infamy. No Trusts: x1.5. Bonuses stack to x3.","bloodguzzler"
"Clingy Clare","Abyssea - Konschtat","1","Visions","Entry","No","Standard Visions encounter: one mechanic taught repeatedly and reinforced at both phase floors.","Enhanced Relic; no Atma assumed","5-7 min solo","120","4000000","6200000","8400000","200","25","250000","1000","6500","850","2000","700","800","700","250","300","20","10","50","24","52","240","30","Grasping Vines","move","Grasping Vines - roots seize the earth; move at least 8 yalms!","Move at least 8 yalms from the position where the tell began.","5","20","BLINDNESS","6","The vines constrict around you.","The vines tear loose.","10s vulnerability: DEF -300, EVA -100, MDEF -35; also removes one escalation stack.","Grasping Vines","move","At 70%: Grasping Vines - roots seize the earth; move at least 8 yalms!","Move at least 8 yalms from the position where the tell began.","5","20","BLINDNESS","6","The vines constrict around you.","The vines tear loose.","10s vulnerability: DEF -300, EVA -100, MDEF -35; also removes one escalation stack.","Grasping Vines","move","Final test at 30%: Grasping Vines - roots seize the earth; move at least 8 yalms!","Move at least 8 yalms from the position where the tell began.","4","25","BLINDNESS","6","The vines constrict around you.","The vines tear loose.","12s vulnerability: DEF -300, EVA -100, MDEF -35; also removes one escalation stack.","ATT +500; MATT +200","ATT +175; MATT +55; Haste +0.25%","Only the player who popped the NM is checked; Trust actions do not fail hold-fire tests.","Red removes one escalation stack; Yellow suppresses spells and opens magic vulnerability; Blue suppresses TP moves and opens physical vulnerability.","First logical clear refunds half pop cost. 2+ real PCs: x2 Gil/Infamy. No Trusts: x1.5. Bonuses stack to x3.","clingyclare"
"Hexenpilz","Abyssea - Konschtat","1","Visions","Entry","No","Standard Visions encounter: one mechanic taught repeatedly and reinforced at both phase floors.","Enhanced Relic; no Atma assumed","5-7 min solo","120","4000000","6200000","8400000","200","25","250000","1000","6500","850","2000","700","800","700","250","300","20","10","50","24","52","240","30","Oblivispore Bloom","far","Oblivispore Bloom - the cap swells; retreat beyond 12 yalms!","Move at least 12 yalms from the boss.","5","20","SLOW","6","You inhale the oblivious spores.","The spores disperse harmlessly.","10s vulnerability: DEF -300, EVA -100, MDEF -35; also removes one escalation stack.","Oblivispore Bloom","far","At 70%: Oblivispore Bloom - the cap swells; retreat beyond 12 yalms!","Move at least 12 yalms from the boss.","5","20","SLOW","6","You inhale the oblivious spores.","The spores disperse harmlessly.","10s vulnerability: DEF -300, EVA -100, MDEF -35; also removes one escalation stack.","Oblivispore Bloom","far","Final test at 30%: Oblivispore Bloom - the cap swells; retreat beyond 12 yalms!","Move at least 12 yalms from the boss.","4","25","SLOW","6","You inhale the oblivious spores.","The spores disperse harmlessly.","12s vulnerability: DEF -300, EVA -100, MDEF -35; also removes one escalation stack.","ATT +500; MATT +200","ATT +175; MATT +55; Haste +0.25%","Only the player who popped the NM is checked; Trust actions do not fail hold-fire tests.","Red removes one escalation stack; Yellow suppresses spells and opens magic vulnerability; Blue suppresses TP moves and opens physical vulnerability.","First logical clear refunds half pop cost. 2+ real PCs: x2 Gil/Infamy. No Trusts: x1.5. Bonuses stack to x3.","hexenpilz"
"Bombadeel","Abyssea - Konschtat","1","Visions","Entry","No","Standard Visions encounter: one mechanic taught repeatedly and reinforced at both phase floors.","Enhanced Relic; no Atma assumed","5-7 min solo","120","4000000","6200000","8400000","200","25","250000","1000","6500","850","2000","700","800","700","250","300","20","10","50","24","52","240","30","Volatile Moss","hold","Volatile Moss - the moss sparks; cease attacks!","Stop all owner damage: disengage/turn, do not weapon skill, and let the window expire.","5","20","SILENCE","6","Your strike detonates the moss.","The moss burns itself out.","10s vulnerability: DEF -300, EVA -100, MDEF -35; also removes one escalation stack.","Volatile Moss","hold","At 70%: Volatile Moss - the moss sparks; cease attacks!","Stop all owner damage: disengage/turn, do not weapon skill, and let the window expire.","5","20","SILENCE","6","Your strike detonates the moss.","The moss burns itself out.","10s vulnerability: DEF -300, EVA -100, MDEF -35; also removes one escalation stack.","Volatile Moss","hold","Final test at 30%: Volatile Moss - the moss sparks; cease attacks!","Stop all owner damage: disengage/turn, do not weapon skill, and let the window expire.","4","25","SILENCE","6","Your strike detonates the moss.","The moss burns itself out.","12s vulnerability: DEF -300, EVA -100, MDEF -35; also removes one escalation stack.","ATT +500; MATT +200","ATT +175; MATT +55; Haste +0.25%","Only the player who popped the NM is checked; Trust actions do not fail hold-fire tests.","Red removes one escalation stack; Yellow suppresses spells and opens magic vulnerability; Blue suppresses TP moves and opens physical vulnerability.","First logical clear refunds half pop cost. 2+ real PCs: x2 Gil/Infamy. No Trusts: x1.5. Bonuses stack to x3.","bombadeel"
"Ashtaerh the Gallvexed","Abyssea - Konschtat","1","Visions","Entry","No","Standard Visions encounter: one mechanic taught repeatedly and reinforced at both phase floors.","Enhanced Relic; no Atma assumed","5-7 min solo","120","4000000","6200000","8400000","200","25","250000","1000","6500","850","2000","700","800","700","250","300","20","10","50","24","52","240","30","Murmuring Globule","weaponskill","Murmuring Globule - the globule hums; answer with a weapon skill!","The fight owner must use any weapon skill during the window.","5","20","PLAGUE","6","The murmur becomes a maddening shriek.","The resonance bursts inward.","10s vulnerability: DEF -300, EVA -100, MDEF -35; also removes one escalation stack.","Murmuring Globule","weaponskill","At 70%: Murmuring Globule - the globule hums; answer with a weapon skill!","The fight owner must use any weapon skill during the window.","5","20","PLAGUE","6","The murmur becomes a maddening shriek.","The resonance bursts inward.","10s vulnerability: DEF -300, EVA -100, MDEF -35; also removes one escalation stack.","Murmuring Globule","weaponskill","Final test at 30%: Murmuring Globule - the globule hums; answer with a weapon skill!","The fight owner must use any weapon skill during the window.","4","25","PLAGUE","6","The murmur becomes a maddening shriek.","The resonance bursts inward.","12s vulnerability: DEF -300, EVA -100, MDEF -35; also removes one escalation stack.","ATT +500; MATT +200","ATT +175; MATT +55; Haste +0.25%","Only the player who popped the NM is checked; Trust actions do not fail hold-fire tests.","Red removes one escalation stack; Yellow suppresses spells and opens magic vulnerability; Blue suppresses TP moves and opens physical vulnerability.","First logical clear refunds half pop cost. 2+ real PCs: x2 Gil/Infamy. No Trusts: x1.5. Bonuses stack to x3.","ashtaerhthegallvexed"
"Alkonost","Abyssea - Konschtat","1","Visions","Entry","No","Standard Visions encounter: one mechanic taught repeatedly and reinforced at both phase floors.","Enhanced Relic; no Atma assumed","5-7 min solo","120","4000000","6200000","8400000","200","25","250000","1000","6500","850","2000","700","800","700","250","300","20","10","50","24","52","240","30","Gale Dive","rear","Gale Dive - its wings lock forward; take the rear!","Move behind the boss (default safe rear arc is approximately 48 degrees).","5","20","AMNESIA","6","The gale catches you head-on.","The dive overshoots.","10s vulnerability: DEF -300, EVA -100, MDEF -35; also removes one escalation stack.","Gale Dive","rear","At 70%: Gale Dive - its wings lock forward; take the rear!","Move behind the boss (default safe rear arc is approximately 48 degrees).","5","20","AMNESIA","6","The gale catches you head-on.","The dive overshoots.","10s vulnerability: DEF -300, EVA -100, MDEF -35; also removes one escalation stack.","Gale Dive","rear","Final test at 30%: Gale Dive - its wings lock forward; take the rear!","Move behind the boss (default safe rear arc is approximately 48 degrees).","4","25","AMNESIA","6","The gale catches you head-on.","The dive overshoots.","12s vulnerability: DEF -300, EVA -100, MDEF -35; also removes one escalation stack.","ATT +500; MATT +200","ATT +175; MATT +55; Haste +0.25%","Only the player who popped the NM is checked; Trust actions do not fail hold-fire tests.","Red removes one escalation stack; Yellow suppresses spells and opens magic vulnerability; Blue suppresses TP moves and opens physical vulnerability.","First logical clear refunds half pop cost. 2+ real PCs: x2 Gil/Infamy. No Trusts: x1.5. Bonuses stack to x3.","alkonost"
"Keratyrannos","Abyssea - Konschtat","1","Visions","Entry","No","Standard Visions encounter: one mechanic taught repeatedly and reinforced at both phase floors.","Enhanced Relic; no Atma assumed","5-7 min solo","120","4000000","6200000","8400000","200","25","250000","1000","6500","850","2000","700","800","700","250","300","20","10","50","24","52","240","30","Armored Rush","near","Armored Rush - it lowers its horn; close inside 6 yalms!","Move within 6 yalms of the boss.","5","20","POISON","6","The full charge tramples you.","You slip beneath the charge.","10s vulnerability: DEF -300, EVA -100, MDEF -35; also removes one escalation stack.","Armored Rush","near","At 70%: Armored Rush - it lowers its horn; close inside 6 yalms!","Move within 6 yalms of the boss.","5","20","POISON","6","The full charge tramples you.","You slip beneath the charge.","10s vulnerability: DEF -300, EVA -100, MDEF -35; also removes one escalation stack.","Armored Rush","near","Final test at 30%: Armored Rush - it lowers its horn; close inside 6 yalms!","Move within 6 yalms of the boss.","4","25","POISON","6","The full charge tramples you.","You slip beneath the charge.","12s vulnerability: DEF -300, EVA -100, MDEF -35; also removes one escalation stack.","ATT +500; MATT +200","ATT +175; MATT +55; Haste +0.25%","Only the player who popped the NM is checked; Trust actions do not fail hold-fire tests.","Red removes one escalation stack; Yellow suppresses spells and opens magic vulnerability; Blue suppresses TP moves and opens physical vulnerability.","First logical clear refunds half pop cost. 2+ real PCs: x2 Gil/Infamy. No Trusts: x1.5. Bonuses stack to x3.","keratyrannos"
"Fear Gorta","Abyssea - Konschtat","1","Visions","Entry","No","Standard Visions encounter: one mechanic taught repeatedly and reinforced at both phase floors.","Enhanced Relic; no Atma assumed","5-7 min solo","120","4000000","6200000","8400000","200","25","250000","1000","6500","850","2000","700","800","700","250","300","20","10","50","24","52","240","30","Moonglow Lament","face","Moonglow Lament - its lament seeks the fearful; face it!","Face the boss when the check resolves.","5","20","PARALYSIS","6","Fear takes root.","You stare down the apparition.","10s vulnerability: DEF -300, EVA -100, MDEF -35; also removes one escalation stack.","Moonglow Lament","face","At 70%: Moonglow Lament - its lament seeks the fearful; face it!","Face the boss when the check resolves.","5","20","PARALYSIS","6","Fear takes root.","You stare down the apparition.","10s vulnerability: DEF -300, EVA -100, MDEF -35; also removes one escalation stack.","Moonglow Lament","face","Final test at 30%: Moonglow Lament - its lament seeks the fearful; face it!","Face the boss when the check resolves.","4","25","PARALYSIS","6","Fear takes root.","You stare down the apparition.","12s vulnerability: DEF -300, EVA -100, MDEF -35; also removes one escalation stack.","ATT +500; MATT +200","ATT +175; MATT +55; Haste +0.25%","Only the player who popped the NM is checked; Trust actions do not fail hold-fire tests.","Red removes one escalation stack; Yellow suppresses spells and opens magic vulnerability; Blue suppresses TP moves and opens physical vulnerability.","First logical clear refunds half pop cost. 2+ real PCs: x2 Gil/Infamy. No Trusts: x1.5. Bonuses stack to x3.","feargorta"
"Siranpa-Kamuy","Abyssea - Konschtat","1","Visions","Entry","No","Standard Visions encounter: one mechanic taught repeatedly and reinforced at both phase floors.","Enhanced Relic; no Atma assumed","5-7 min solo","120","4000000","6200000","8400000","200","25","250000","1000","6500","850","2000","700","800","700","250","300","20","10","50","24","52","240","30","Rotting Gaze","turn","Rotting Gaze - the eyeball opens; look away!","Turn away; the owner must not be facing the boss when the check resolves.","5","20","BLINDNESS","6","The dead eye marks you.","The gaze passes over you.","10s vulnerability: DEF -300, EVA -100, MDEF -35; also removes one escalation stack.","Rotting Gaze","turn","At 70%: Rotting Gaze - the eyeball opens; look away!","Turn away; the owner must not be facing the boss when the check resolves.","5","20","BLINDNESS","6","The dead eye marks you.","The gaze passes over you.","10s vulnerability: DEF -300, EVA -100, MDEF -35; also removes one escalation stack.","Rotting Gaze","turn","Final test at 30%: Rotting Gaze - the eyeball opens; look away!","Turn away; the owner must not be facing the boss when the check resolves.","4","25","BLINDNESS","6","The dead eye marks you.","The gaze passes over you.","12s vulnerability: DEF -300, EVA -100, MDEF -35; also removes one escalation stack.","ATT +500; MATT +200","ATT +175; MATT +55; Haste +0.25%","Only the player who popped the NM is checked; Trust actions do not fail hold-fire tests.","Red removes one escalation stack; Yellow suppresses spells and opens magic vulnerability; Blue suppresses TP moves and opens physical vulnerability.","First logical clear refunds half pop cost. 2+ real PCs: x2 Gil/Infamy. No Trusts: x1.5. Bonuses stack to x3.","siranpakamuy"
"Lentor","Abyssea - Konschtat","1","Visions","Entry","No","Standard Visions encounter: one mechanic taught repeatedly and reinforced at both phase floors.","Enhanced Relic; no Atma assumed","5-7 min solo","120","4000000","6200000","8400000","200","25","250000","1000","6500","850","2000","700","800","700","250","300","20","10","50","24","52","240","30","Mucid Bulwark","burst","Mucid Bulwark - mucus hardens; break 3% of its HP before it sets!","Deal 3% of maximum HP before the check: 120,000 solo / 186,000 with 2 PCs / 252,000 with 3+ PCs.","5","20","SLOW","6","The shell hardens around Lentor.","The bulwark sloughs away.","10s vulnerability: DEF -300, EVA -100, MDEF -35; also removes one escalation stack.","Mucid Bulwark","burst","At 70%: Mucid Bulwark - mucus hardens; break 3% of its HP before it sets!","Deal 3% of maximum HP before the check: 120,000 solo / 186,000 with 2 PCs / 252,000 with 3+ PCs.","5","20","SLOW","6","The shell hardens around Lentor.","The bulwark sloughs away.","10s vulnerability: DEF -300, EVA -100, MDEF -35; also removes one escalation stack.","Mucid Bulwark","burst","Final test at 30%: Mucid Bulwark - mucus hardens; break 3% of its HP before it sets!","Deal 3% of maximum HP before the check: 120,000 solo / 186,000 with 2 PCs / 252,000 with 3+ PCs.","4","25","SLOW","6","The shell hardens around Lentor.","The bulwark sloughs away.","12s vulnerability: DEF -300, EVA -100, MDEF -35; also removes one escalation stack.","ATT +500; MATT +200","ATT +175; MATT +55; Haste +0.25%","Only the player who popped the NM is checked; Trust actions do not fail hold-fire tests.","Red removes one escalation stack; Yellow suppresses spells and opens magic vulnerability; Blue suppresses TP moves and opens physical vulnerability.","First logical clear refunds half pop cost. 2+ real PCs: x2 Gil/Infamy. No Trusts: x1.5. Bonuses stack to x3.","lentor"
"Sarcophilus","Abyssea - Konschtat","1","Visions","Entry","No","Standard Visions encounter: one mechanic taught repeatedly and reinforced at both phase floors.","Enhanced Relic; no Atma assumed","5-7 min solo","120","4000000","6200000","8400000","200","25","250000","1000","6500","850","2000","700","800","700","250","300","20","10","50","24","52","240","30","Ripped-Skin Feint","hold","Ripped-Skin Feint - it presents a false opening; hold your fire!","Stop all owner damage: disengage/turn, do not weapon skill, and let the window expire.","5","20","SILENCE","6","The counter tears through you.","The feint collapses.","10s vulnerability: DEF -300, EVA -100, MDEF -35; also removes one escalation stack.","Ripped-Skin Feint","hold","At 70%: Ripped-Skin Feint - it presents a false opening; hold your fire!","Stop all owner damage: disengage/turn, do not weapon skill, and let the window expire.","5","20","SILENCE","6","The counter tears through you.","The feint collapses.","10s vulnerability: DEF -300, EVA -100, MDEF -35; also removes one escalation stack.","Ripped-Skin Feint","hold","Final test at 30%: Ripped-Skin Feint - it presents a false opening; hold your fire!","Stop all owner damage: disengage/turn, do not weapon skill, and let the window expire.","4","25","SILENCE","6","The counter tears through you.","The feint collapses.","12s vulnerability: DEF -300, EVA -100, MDEF -35; also removes one escalation stack.","ATT +500; MATT +200","ATT +175; MATT +55; Haste +0.25%","Only the player who popped the NM is checked; Trust actions do not fail hold-fire tests.","Red removes one escalation stack; Yellow suppresses spells and opens magic vulnerability; Blue suppresses TP moves and opens physical vulnerability.","First logical clear refunds half pop cost. 2+ real PCs: x2 Gil/Infamy. No Trusts: x1.5. Bonuses stack to x3.","sarcophilus"
"Kukulkan","Abyssea - Konschtat","1","Visions","Entry","Yes","Flagship encounter: repeats its signature, repeats it at 70%, then changes to a bespoke climax at 30%.","Enhanced Relic; no Atma assumed","5-7 min solo","120","4000000","6200000","8400000","200","25","250000","1000","6500","850","2000","700","800","700","250","300","20","10","50","24","52","240","30","Grim Glower","turn","Grim Glower - yellow eyes blaze; turn away from petrification!","Turn away; the owner must not be facing the boss when the check resolves.","5","20","GRADUAL_PETRIFICATION","8","The yellow gaze begins to petrify you.","Kukulkan loses sight of its prey.","10s vulnerability: DEF -300, EVA -100, MDEF -35; also removes one escalation stack.","Grim Glower","turn","At 70%: Grim Glower - yellow eyes blaze; turn away from petrification!","Turn away; the owner must not be facing the boss when the check resolves.","5","20","GRADUAL_PETRIFICATION","8","The yellow gaze begins to petrify you.","Kukulkan loses sight of its prey.","10s vulnerability: DEF -300, EVA -100, MDEF -35; also removes one escalation stack.","Oppressive Gaze","rear","Final test at 30%: Oppressive Gaze - blue eyes blaze; reach its rear!","Move behind the boss (default safe rear arc is approximately 48 degrees).","4","25","TERROR","5","Terror and poison flood your body.","The oppressive gaze misses and its scales part.","14s vulnerability: DEF -300, EVA -100, MDEF -35; also removes one escalation stack.","ATT +500; MATT +200","ATT +175; MATT +55; Haste +0.25%","Only the player who popped the NM is checked; Trust actions do not fail hold-fire tests.","Red removes one escalation stack; Yellow suppresses spells and opens magic vulnerability; Blue suppresses TP moves and opens physical vulnerability.","First logical clear refunds half pop cost. 2+ real PCs: x2 Gil/Infamy. No Trusts: x1.5. Bonuses stack to x3.","kukulkan"
"Eccentric Eve","Abyssea - Konschtat","1","Visions","Entry","Yes","Flagship encounter: repeats its signature, repeats it at 70%, then changes to a bespoke climax at 30%.","Enhanced Relic; no Atma assumed","5-7 min solo","120","4000000","6200000","8400000","200","25","250000","1000","6500","850","2000","700","800","700","250","300","20","10","50","24","52","240","30","Extremely Bad Breath","rear","Extremely Bad Breath - the morbol inhales; get behind it!","Move behind the boss (default safe rear arc is approximately 48 degrees).","5","20","CURSE_I","12","The breath leaves you barely standing.","The killing breath wilts Eve instead.","10s vulnerability: DEF -300, EVA -100, MDEF -35; also removes one escalation stack.","Extremely Bad Breath","rear","At 70%: Extremely Bad Breath - the morbol inhales; get behind it!","Move behind the boss (default safe rear arc is approximately 48 degrees).","5","20","CURSE_I","12","The breath leaves you barely standing.","The killing breath wilts Eve instead.","10s vulnerability: DEF -300, EVA -100, MDEF -35; also removes one escalation stack.","Tainting Breath","move","Final test at 30%: Tainting Breath - a charming perfume gathers; break away 10 yalms!","Move at least 10 yalms from the position where the tell began.","4","25","TERROR","6","The perfume steals your will.","The perfume disperses.","12s vulnerability: DEF -300, EVA -100, MDEF -35; also removes one escalation stack.","ATT +500; MATT +200","ATT +175; MATT +55; Haste +0.25%","Only the player who popped the NM is checked; Trust actions do not fail hold-fire tests.","Red removes one escalation stack; Yellow suppresses spells and opens magic vulnerability; Blue suppresses TP moves and opens physical vulnerability.","First logical clear refunds half pop cost. 2+ real PCs: x2 Gil/Infamy. No Trusts: x1.5. Bonuses stack to x3.","eccentriceve"
"Bloodeye Vileberry","Abyssea - Konschtat","1","Visions","Entry","No","Standard Visions encounter: one mechanic taught repeatedly and reinforced at both phase floors.","Enhanced Relic; no Atma assumed","5-7 min solo","120","4000000","6200000","8400000","200","25","250000","1000","6500","850","2000","700","800","700","250","300","20","10","50","24","52","240","30","Grudge Spiral","move","Grudge Spiral - the tonberry fixes your position; move 9 yalms!","Move at least 9 yalms from the position where the tell began.","5","20","AMNESIA","6","The accumulated grudge finds you.","The grudge strikes empty ground.","10s vulnerability: DEF -300, EVA -100, MDEF -35; also removes one escalation stack.","Grudge Spiral","move","At 70%: Grudge Spiral - the tonberry fixes your position; move 9 yalms!","Move at least 9 yalms from the position where the tell began.","5","20","AMNESIA","6","The accumulated grudge finds you.","The grudge strikes empty ground.","10s vulnerability: DEF -300, EVA -100, MDEF -35; also removes one escalation stack.","Grudge Spiral","move","Final test at 30%: Grudge Spiral - the tonberry fixes your position; move 9 yalms!","Move at least 9 yalms from the position where the tell began.","4","25","AMNESIA","6","The accumulated grudge finds you.","The grudge strikes empty ground.","12s vulnerability: DEF -300, EVA -100, MDEF -35; also removes one escalation stack.","ATT +500; MATT +200","ATT +175; MATT +55; Haste +0.25%","Only the player who popped the NM is checked; Trust actions do not fail hold-fire tests.","Red removes one escalation stack; Yellow suppresses spells and opens magic vulnerability; Blue suppresses TP moves and opens physical vulnerability.","First logical clear refunds half pop cost. 2+ real PCs: x2 Gil/Infamy. No Trusts: x1.5. Bonuses stack to x3.","bloodeyevileberry"
"Lachrymater","Abyssea - Tahrongi","1","Visions","Entry","No","Standard Visions encounter: one mechanic taught repeatedly and reinforced at both phase floors.","Enhanced Relic; no Atma assumed","5-7 min solo","120","4000000","6200000","8400000","200","25","250000","1000","6500","850","2000","700","800","700","250","300","20","10","50","24","52","240","30","Vestige of the Day","hold","Vestige of the Day - the elemental vestige mirrors attacks; pause!","Stop all owner damage: disengage/turn, do not weapon skill, and let the window expire.","5","20","PARALYSIS","6","The vestige reflects your aggression.","The day-aspect fades.","10s vulnerability: DEF -300, EVA -100, MDEF -35; also removes one escalation stack.","Vestige of the Day","hold","At 70%: Vestige of the Day - the elemental vestige mirrors attacks; pause!","Stop all owner damage: disengage/turn, do not weapon skill, and let the window expire.","5","20","PARALYSIS","6","The vestige reflects your aggression.","The day-aspect fades.","10s vulnerability: DEF -300, EVA -100, MDEF -35; also removes one escalation stack.","Vestige of the Day","hold","Final test at 30%: Vestige of the Day - the elemental vestige mirrors attacks; pause!","Stop all owner damage: disengage/turn, do not weapon skill, and let the window expire.","4","25","PARALYSIS","6","The vestige reflects your aggression.","The day-aspect fades.","12s vulnerability: DEF -300, EVA -100, MDEF -35; also removes one escalation stack.","ATT +500; MATT +200","ATT +175; MATT +55; Haste +0.25%","Only the player who popped the NM is checked; Trust actions do not fail hold-fire tests.","Red removes one escalation stack; Yellow suppresses spells and opens magic vulnerability; Blue suppresses TP moves and opens physical vulnerability.","First logical clear refunds half pop cost. 2+ real PCs: x2 Gil/Infamy. No Trusts: x1.5. Bonuses stack to x3.","lachrymater"
"Hedetet","Abyssea - Tahrongi","1","Visions","Entry","No","Standard Visions encounter: one mechanic taught repeatedly and reinforced at both phase floors.","Enhanced Relic; no Atma assumed","5-7 min solo","120","4000000","6200000","8400000","200","25","250000","1000","6500","850","2000","700","800","700","250","300","20","10","50","24","52","240","30","Acidic Pincer","rear","Acidic Pincer - the claws spread forward; circle behind!","Move behind the boss (default safe rear arc is approximately 48 degrees).","5","20","BLINDNESS","6","Acid floods the wound.","The pincers snap on empty air.","10s vulnerability: DEF -300, EVA -100, MDEF -35; also removes one escalation stack.","Acidic Pincer","rear","At 70%: Acidic Pincer - the claws spread forward; circle behind!","Move behind the boss (default safe rear arc is approximately 48 degrees).","5","20","BLINDNESS","6","Acid floods the wound.","The pincers snap on empty air.","10s vulnerability: DEF -300, EVA -100, MDEF -35; also removes one escalation stack.","Acidic Pincer","rear","Final test at 30%: Acidic Pincer - the claws spread forward; circle behind!","Move behind the boss (default safe rear arc is approximately 48 degrees).","4","25","BLINDNESS","6","Acid floods the wound.","The pincers snap on empty air.","12s vulnerability: DEF -300, EVA -100, MDEF -35; also removes one escalation stack.","ATT +500; MATT +200","ATT +175; MATT +55; Haste +0.25%","Only the player who popped the NM is checked; Trust actions do not fail hold-fire tests.","Red removes one escalation stack; Yellow suppresses spells and opens magic vulnerability; Blue suppresses TP moves and opens physical vulnerability.","First logical clear refunds half pop cost. 2+ real PCs: x2 Gil/Infamy. No Trusts: x1.5. Bonuses stack to x3.","hedetet"
"Muscaliet","Abyssea - Tahrongi","1","Visions","Entry","No","Standard Visions encounter: one mechanic taught repeatedly and reinforced at both phase floors.","Enhanced Relic; no Atma assumed","5-7 min solo","120","4000000","6200000","8400000","200","25","250000","1000","6500","850","2000","700","800","700","250","300","20","10","50","24","52","240","30","Resilient Mane","burst","Resilient Mane - its mane stiffens; deal 3% HP to break it!","Deal 3% of maximum HP before the check: 120,000 solo / 186,000 with 2 PCs / 252,000 with 3+ PCs.","5","20","SLOW","6","The mane becomes an iron wall.","The mane parts and exposes its neck.","10s vulnerability: DEF -300, EVA -100, MDEF -35; also removes one escalation stack.","Resilient Mane","burst","At 70%: Resilient Mane - its mane stiffens; deal 3% HP to break it!","Deal 3% of maximum HP before the check: 120,000 solo / 186,000 with 2 PCs / 252,000 with 3+ PCs.","5","20","SLOW","6","The mane becomes an iron wall.","The mane parts and exposes its neck.","10s vulnerability: DEF -300, EVA -100, MDEF -35; also removes one escalation stack.","Resilient Mane","burst","Final test at 30%: Resilient Mane - its mane stiffens; deal 3% HP to break it!","Deal 3% of maximum HP before the check: 120,000 solo / 186,000 with 2 PCs / 252,000 with 3+ PCs.","4","25","SLOW","6","The mane becomes an iron wall.","The mane parts and exposes its neck.","12s vulnerability: DEF -300, EVA -100, MDEF -35; also removes one escalation stack.","ATT +500; MATT +200","ATT +175; MATT +55; Haste +0.25%","Only the player who popped the NM is checked; Trust actions do not fail hold-fire tests.","Red removes one escalation stack; Yellow suppresses spells and opens magic vulnerability; Blue suppresses TP moves and opens physical vulnerability.","First logical clear refunds half pop cost. 2+ real PCs: x2 Gil/Infamy. No Trusts: x1.5. Bonuses stack to x3.","muscaliet"
"Cannered Noz","Abyssea - Tahrongi","1","Visions","Entry","No","Standard Visions encounter: one mechanic taught repeatedly and reinforced at both phase floors.","Enhanced Relic; no Atma assumed","5-7 min solo","120","4000000","6200000","8400000","200","25","250000","1000","6500","850","2000","700","800","700","250","300","20","10","50","24","52","240","30","Baleful Skull","face","Baleful Skull - the skull demands courage; face it!","Face the boss when the check resolves.","5","20","SILENCE","6","The skull brands your mind.","The baleful flame gutters out.","10s vulnerability: DEF -300, EVA -100, MDEF -35; also removes one escalation stack.","Baleful Skull","face","At 70%: Baleful Skull - the skull demands courage; face it!","Face the boss when the check resolves.","5","20","SILENCE","6","The skull brands your mind.","The baleful flame gutters out.","10s vulnerability: DEF -300, EVA -100, MDEF -35; also removes one escalation stack.","Baleful Skull","face","Final test at 30%: Baleful Skull - the skull demands courage; face it!","Face the boss when the check resolves.","4","25","SILENCE","6","The skull brands your mind.","The baleful flame gutters out.","12s vulnerability: DEF -300, EVA -100, MDEF -35; also removes one escalation stack.","ATT +500; MATT +200","ATT +175; MATT +55; Haste +0.25%","Only the player who popped the NM is checked; Trust actions do not fail hold-fire tests.","Red removes one escalation stack; Yellow suppresses spells and opens magic vulnerability; Blue suppresses TP moves and opens physical vulnerability.","First logical clear refunds half pop cost. 2+ real PCs: x2 Gil/Infamy. No Trusts: x1.5. Bonuses stack to x3.","cannerednoz"
"Ophanim","Abyssea - Tahrongi","1","Visions","Entry","No","Standard Visions encounter: one mechanic taught repeatedly and reinforced at both phase floors.","Enhanced Relic; no Atma assumed","5-7 min solo","120","4000000","6200000","8400000","200","25","250000","1000","6500","850","2000","700","800","700","250","300","20","10","50","24","52","240","30","Threefold Offering","weaponskill","Threefold Offering - its trophies orbit; shatter them with a weapon skill!","The fight owner must use any weapon skill during the window.","5","20","PLAGUE","6","The offerings empower Ophanim.","The orbit collapses.","10s vulnerability: DEF -300, EVA -100, MDEF -35; also removes one escalation stack.","Threefold Offering","weaponskill","At 70%: Threefold Offering - its trophies orbit; shatter them with a weapon skill!","The fight owner must use any weapon skill during the window.","5","20","PLAGUE","6","The offerings empower Ophanim.","The orbit collapses.","10s vulnerability: DEF -300, EVA -100, MDEF -35; also removes one escalation stack.","Threefold Offering","weaponskill","Final test at 30%: Threefold Offering - its trophies orbit; shatter them with a weapon skill!","The fight owner must use any weapon skill during the window.","4","25","PLAGUE","6","The offerings empower Ophanim.","The orbit collapses.","12s vulnerability: DEF -300, EVA -100, MDEF -35; also removes one escalation stack.","ATT +500; MATT +200","ATT +175; MATT +55; Haste +0.25%","Only the player who popped the NM is checked; Trust actions do not fail hold-fire tests.","Red removes one escalation stack; Yellow suppresses spells and opens magic vulnerability; Blue suppresses TP moves and opens physical vulnerability.","First logical clear refunds half pop cost. 2+ real PCs: x2 Gil/Infamy. No Trusts: x1.5. Bonuses stack to x3.","ophanim"
"Tefenet","Abyssea - Tahrongi","1","Visions","Entry","No","Standard Visions encounter: one mechanic taught repeatedly and reinforced at both phase floors.","Enhanced Relic; no Atma assumed","5-7 min solo","120","4000000","6200000","8400000","200","25","250000","1000","6500","850","2000","700","800","700","250","300","20","10","50","24","52","240","30","Shocking Whisker","far","Shocking Whisker - its whiskers crackle; retreat 11 yalms!","Move at least 11 yalms from the boss.","5","20","AMNESIA","6","Lightning courses through you.","The charge grounds out.","10s vulnerability: DEF -300, EVA -100, MDEF -35; also removes one escalation stack.","Shocking Whisker","far","At 70%: Shocking Whisker - its whiskers crackle; retreat 11 yalms!","Move at least 11 yalms from the boss.","5","20","AMNESIA","6","Lightning courses through you.","The charge grounds out.","10s vulnerability: DEF -300, EVA -100, MDEF -35; also removes one escalation stack.","Shocking Whisker","far","Final test at 30%: Shocking Whisker - its whiskers crackle; retreat 11 yalms!","Move at least 11 yalms from the boss.","4","25","AMNESIA","6","Lightning courses through you.","The charge grounds out.","12s vulnerability: DEF -300, EVA -100, MDEF -35; also removes one escalation stack.","ATT +500; MATT +200","ATT +175; MATT +55; Haste +0.25%","Only the player who popped the NM is checked; Trust actions do not fail hold-fire tests.","Red removes one escalation stack; Yellow suppresses spells and opens magic vulnerability; Blue suppresses TP moves and opens physical vulnerability.","First logical clear refunds half pop cost. 2+ real PCs: x2 Gil/Infamy. No Trusts: x1.5. Bonuses stack to x3.","tefenet"
"Gancanagh","Abyssea - Tahrongi","1","Visions","Entry","No","Standard Visions encounter: one mechanic taught repeatedly and reinforced at both phase floors.","Enhanced Relic; no Atma assumed","5-7 min solo","120","4000000","6200000","8400000","200","25","250000","1000","6500","850","2000","700","800","700","250","300","20","10","50","24","52","240","30","Alkaline Feast","move","Alkaline Feast - the soil bubbles underfoot; move 7 yalms!","Move at least 7 yalms from the position where the tell began.","5","20","POISON","6","Caustic humus engulfs you.","The eruption misses.","10s vulnerability: DEF -300, EVA -100, MDEF -35; also removes one escalation stack.","Alkaline Feast","move","At 70%: Alkaline Feast - the soil bubbles underfoot; move 7 yalms!","Move at least 7 yalms from the position where the tell began.","5","20","POISON","6","Caustic humus engulfs you.","The eruption misses.","10s vulnerability: DEF -300, EVA -100, MDEF -35; also removes one escalation stack.","Alkaline Feast","move","Final test at 30%: Alkaline Feast - the soil bubbles underfoot; move 7 yalms!","Move at least 7 yalms from the position where the tell began.","4","25","POISON","6","Caustic humus engulfs you.","The eruption misses.","12s vulnerability: DEF -300, EVA -100, MDEF -35; also removes one escalation stack.","ATT +500; MATT +200","ATT +175; MATT +55; Haste +0.25%","Only the player who popped the NM is checked; Trust actions do not fail hold-fire tests.","Red removes one escalation stack; Yellow suppresses spells and opens magic vulnerability; Blue suppresses TP moves and opens physical vulnerability.","First logical clear refunds half pop cost. 2+ real PCs: x2 Gil/Infamy. No Trusts: x1.5. Bonuses stack to x3.","gancanagh"
"Abas","Abyssea - Tahrongi","1","Visions","Entry","No","Standard Visions encounter: one mechanic taught repeatedly and reinforced at both phase floors.","Enhanced Relic; no Atma assumed","5-7 min solo","120","4000000","6200000","8400000","200","25","250000","1000","6500","850","2000","700","800","700","250","300","20","10","50","24","52","240","30","Eft-Egg Guard","hold","Eft-Egg Guard - it curls around its clutch; cease attacks!","Stop all owner damage: disengage/turn, do not weapon skill, and let the window expire.","5","20","PARALYSIS","6","The guarded clutch erupts.","Abas leaves its clutch exposed.","10s vulnerability: DEF -300, EVA -100, MDEF -35; also removes one escalation stack.","Eft-Egg Guard","hold","At 70%: Eft-Egg Guard - it curls around its clutch; cease attacks!","Stop all owner damage: disengage/turn, do not weapon skill, and let the window expire.","5","20","PARALYSIS","6","The guarded clutch erupts.","Abas leaves its clutch exposed.","10s vulnerability: DEF -300, EVA -100, MDEF -35; also removes one escalation stack.","Eft-Egg Guard","hold","Final test at 30%: Eft-Egg Guard - it curls around its clutch; cease attacks!","Stop all owner damage: disengage/turn, do not weapon skill, and let the window expire.","4","25","PARALYSIS","6","The guarded clutch erupts.","Abas leaves its clutch exposed.","12s vulnerability: DEF -300, EVA -100, MDEF -35; also removes one escalation stack.","ATT +500; MATT +200","ATT +175; MATT +55; Haste +0.25%","Only the player who popped the NM is checked; Trust actions do not fail hold-fire tests.","Red removes one escalation stack; Yellow suppresses spells and opens magic vulnerability; Blue suppresses TP moves and opens physical vulnerability.","First logical clear refunds half pop cost. 2+ real PCs: x2 Gil/Infamy. No Trusts: x1.5. Bonuses stack to x3.","abas"
"Vetehinen","Abyssea - Tahrongi","1","Visions","Entry","No","Standard Visions encounter: one mechanic taught repeatedly and reinforced at both phase floors.","Enhanced Relic; no Atma assumed","5-7 min solo","120","4000000","6200000","8400000","200","25","250000","1000","6500","850","2000","700","800","700","250","300","20","10","50","24","52","240","30","Limule Clamp","near","Limule Clamp - its reach extends; close within 5 yalms!","Move within 5 yalms of the boss.","5","20","BLINDNESS","6","The pincer drags you through the mire.","You crowd inside the clamp.","10s vulnerability: DEF -300, EVA -100, MDEF -35; also removes one escalation stack.","Limule Clamp","near","At 70%: Limule Clamp - its reach extends; close within 5 yalms!","Move within 5 yalms of the boss.","5","20","BLINDNESS","6","The pincer drags you through the mire.","You crowd inside the clamp.","10s vulnerability: DEF -300, EVA -100, MDEF -35; also removes one escalation stack.","Limule Clamp","near","Final test at 30%: Limule Clamp - its reach extends; close within 5 yalms!","Move within 5 yalms of the boss.","4","25","BLINDNESS","6","The pincer drags you through the mire.","You crowd inside the clamp.","12s vulnerability: DEF -300, EVA -100, MDEF -35; also removes one escalation stack.","ATT +500; MATT +200","ATT +175; MATT +55; Haste +0.25%","Only the player who popped the NM is checked; Trust actions do not fail hold-fire tests.","Red removes one escalation stack; Yellow suppresses spells and opens magic vulnerability; Blue suppresses TP moves and opens physical vulnerability.","First logical clear refunds half pop cost. 2+ real PCs: x2 Gil/Infamy. No Trusts: x1.5. Bonuses stack to x3.","vetehinen"
"Alectryon","Abyssea - Tahrongi","1","Visions","Entry","No","Standard Visions encounter: one mechanic taught repeatedly and reinforced at both phase floors.","Enhanced Relic; no Atma assumed","5-7 min solo","120","4000000","6200000","8400000","200","25","250000","1000","6500","850","2000","700","800","700","250","300","20","10","50","24","52","240","30","Quivering Brood","turn","Quivering Brood - the brood flashes; turn away!","Turn away; the owner must not be facing the boss when the check resolves.","5","20","SLOW","6","The flash blinds and panics you.","The hatchlings lose their mark.","10s vulnerability: DEF -300, EVA -100, MDEF -35; also removes one escalation stack.","Quivering Brood","turn","At 70%: Quivering Brood - the brood flashes; turn away!","Turn away; the owner must not be facing the boss when the check resolves.","5","20","SLOW","6","The flash blinds and panics you.","The hatchlings lose their mark.","10s vulnerability: DEF -300, EVA -100, MDEF -35; also removes one escalation stack.","Quivering Brood","turn","Final test at 30%: Quivering Brood - the brood flashes; turn away!","Turn away; the owner must not be facing the boss when the check resolves.","4","25","SLOW","6","The flash blinds and panics you.","The hatchlings lose their mark.","12s vulnerability: DEF -300, EVA -100, MDEF -35; also removes one escalation stack.","ATT +500; MATT +200","ATT +175; MATT +55; Haste +0.25%","Only the player who popped the NM is checked; Trust actions do not fail hold-fire tests.","Red removes one escalation stack; Yellow suppresses spells and opens magic vulnerability; Blue suppresses TP moves and opens physical vulnerability.","First logical clear refunds half pop cost. 2+ real PCs: x2 Gil/Infamy. No Trusts: x1.5. Bonuses stack to x3.","alectryon"
"Halimede","Abyssea - Tahrongi","1","Visions","Entry","No","Standard Visions encounter: one mechanic taught repeatedly and reinforced at both phase floors.","Enhanced Relic; no Atma assumed","5-7 min solo","120","4000000","6200000","8400000","200","25","250000","1000","6500","850","2000","700","800","700","250","300","20","10","50","24","52","240","30","Clionid Shear","rear","Clionid Shear - its wing-blades sweep forward; take the rear!","Move behind the boss (default safe rear arc is approximately 48 degrees).","5","20","SILENCE","6","The crossing blades catch you.","The blades bury in the earth.","10s vulnerability: DEF -300, EVA -100, MDEF -35; also removes one escalation stack.","Clionid Shear","rear","At 70%: Clionid Shear - its wing-blades sweep forward; take the rear!","Move behind the boss (default safe rear arc is approximately 48 degrees).","5","20","SILENCE","6","The crossing blades catch you.","The blades bury in the earth.","10s vulnerability: DEF -300, EVA -100, MDEF -35; also removes one escalation stack.","Clionid Shear","rear","Final test at 30%: Clionid Shear - its wing-blades sweep forward; take the rear!","Move behind the boss (default safe rear arc is approximately 48 degrees).","4","25","SILENCE","6","The crossing blades catch you.","The blades bury in the earth.","12s vulnerability: DEF -300, EVA -100, MDEF -35; also removes one escalation stack.","ATT +500; MATT +200","ATT +175; MATT +55; Haste +0.25%","Only the player who popped the NM is checked; Trust actions do not fail hold-fire tests.","Red removes one escalation stack; Yellow suppresses spells and opens magic vulnerability; Blue suppresses TP moves and opens physical vulnerability.","First logical clear refunds half pop cost. 2+ real PCs: x2 Gil/Infamy. No Trusts: x1.5. Bonuses stack to x3.","halimede"
"Treble Noctules","Abyssea - Tahrongi","1","Visions","Entry","No","Standard Visions encounter: one mechanic taught repeatedly and reinforced at both phase floors.","Enhanced Relic; no Atma assumed","5-7 min solo","120","4000000","6200000","8400000","200","25","250000","1000","6500","850","2000","700","800","700","250","300","20","10","50","24","52","240","30","Threefold Screech","far","Threefold Screech - three throats inhale; spread beyond 13 yalms!","Move at least 13 yalms from the boss.","5","20","PLAGUE","6","The harmonics overwhelm you.","The harmonics break apart.","10s vulnerability: DEF -300, EVA -100, MDEF -35; also removes one escalation stack.","Threefold Screech","far","At 70%: Threefold Screech - three throats inhale; spread beyond 13 yalms!","Move at least 13 yalms from the boss.","5","20","PLAGUE","6","The harmonics overwhelm you.","The harmonics break apart.","10s vulnerability: DEF -300, EVA -100, MDEF -35; also removes one escalation stack.","Threefold Screech","far","Final test at 30%: Threefold Screech - three throats inhale; spread beyond 13 yalms!","Move at least 13 yalms from the boss.","4","25","PLAGUE","6","The harmonics overwhelm you.","The harmonics break apart.","12s vulnerability: DEF -300, EVA -100, MDEF -35; also removes one escalation stack.","ATT +500; MATT +200","ATT +175; MATT +55; Haste +0.25%","Only the player who popped the NM is checked; Trust actions do not fail hold-fire tests.","Red removes one escalation stack; Yellow suppresses spells and opens magic vulnerability; Blue suppresses TP moves and opens physical vulnerability.","First logical clear refunds half pop cost. 2+ real PCs: x2 Gil/Infamy. No Trusts: x1.5. Bonuses stack to x3.","treblenoctules"
"Glavoid","Abyssea - Tahrongi","1","Visions","Entry","Yes","Flagship encounter: repeats its signature, repeats it at 70%, then changes to a bespoke climax at 30%.","Enhanced Relic; no Atma assumed","5-7 min solo","120","4000000","6200000","8400000","200","25","250000","1000","6500","850","2000","700","800","700","250","300","20","10","50","24","52","240","30","Gorge","far","Gorge - it opens its maw; retreat beyond 12 yalms!","Move at least 12 yalms from the boss.","5","20","SLOW","6","Gorge steals your vitality for Disgorge.","Glavoid stores no stolen life.","10s vulnerability: DEF -300, EVA -100, MDEF -35; also removes one escalation stack.","Gorge","far","At 70%: Gorge - it opens its maw; retreat beyond 12 yalms!","Move at least 12 yalms from the boss.","5","20","SLOW","6","Gorge steals your vitality for Disgorge.","Glavoid stores no stolen life.","10s vulnerability: DEF -300, EVA -100, MDEF -35; also removes one escalation stack.","Disgorge","rear","Final test at 30%: Disgorge - the stored torrent aims forward; reach its rear!","Move behind the boss (default safe rear arc is approximately 48 degrees).","4","25","CURSE_I","6","Disgorge crashes through you.","The torrent tears open Glavoid instead.","15s vulnerability: DEF -300, EVA -100, MDEF -35; also removes one escalation stack.","ATT +500; MATT +200","ATT +175; MATT +55; Haste +0.25%","Only the player who popped the NM is checked; Trust actions do not fail hold-fire tests.","Red removes one escalation stack; Yellow suppresses spells and opens magic vulnerability; Blue suppresses TP moves and opens physical vulnerability.","First logical clear refunds half pop cost. 2+ real PCs: x2 Gil/Infamy. No Trusts: x1.5. Bonuses stack to x3.","glavoid"
"Lacovie","Abyssea - Tahrongi","1","Visions","Entry","No","Standard Visions encounter: one mechanic taught repeatedly and reinforced at both phase floors.","Enhanced Relic; no Atma assumed","5-7 min solo","120","4000000","6200000","8400000","200","25","250000","1000","6500","850","2000","700","800","700","250","300","20","10","50","24","52","240","30","Chipped Bastion","burst","Chipped Bastion - its shell seals; crack 4% HP before it locks!","Deal 4% of maximum HP before the check: 160,000 solo / 248,000 with 2 PCs / 336,000 with 3+ PCs.","5","20","POISON","6","The bastion hardens.","The shell fractures.","10s vulnerability: DEF -300, EVA -100, MDEF -35; also removes one escalation stack.","Chipped Bastion","burst","At 70%: Chipped Bastion - its shell seals; crack 4% HP before it locks!","Deal 4% of maximum HP before the check: 160,000 solo / 248,000 with 2 PCs / 336,000 with 3+ PCs.","5","20","POISON","6","The bastion hardens.","The shell fractures.","10s vulnerability: DEF -300, EVA -100, MDEF -35; also removes one escalation stack.","Chipped Bastion","burst","Final test at 30%: Chipped Bastion - its shell seals; crack 4% HP before it locks!","Deal 4% of maximum HP before the check: 160,000 solo / 248,000 with 2 PCs / 336,000 with 3+ PCs.","4","25","POISON","6","The bastion hardens.","The shell fractures.","12s vulnerability: DEF -300, EVA -100, MDEF -35; also removes one escalation stack.","ATT +500; MATT +200","ATT +175; MATT +55; Haste +0.25%","Only the player who popped the NM is checked; Trust actions do not fail hold-fire tests.","Red removes one escalation stack; Yellow suppresses spells and opens magic vulnerability; Blue suppresses TP moves and opens physical vulnerability.","First logical clear refunds half pop cost. 2+ real PCs: x2 Gil/Infamy. No Trusts: x1.5. Bonuses stack to x3.","lacovie"
"Chloris","Abyssea - Tahrongi","1","Visions","Entry","Yes","Flagship encounter: repeats its signature, repeats it at 70%, then changes to a bespoke climax at 30%.","Enhanced Relic; no Atma assumed","5-7 min solo","120","4000000","6200000","8400000","200","25","250000","1000","6500","850","2000","700","800","700","250","300","20","10","50","24","52","240","30","Phaeosynthesis","burst","Phaeosynthesis - a solar bloom opens; deal 3% HP to uproot it!","Deal 3% of maximum HP before the check: 120,000 solo / 186,000 with 2 PCs / 252,000 with 3+ PCs.","5","20","SLOW","6","The bloom feeds Chloris a furious vigor.","The bloom ruptures and Chloris wilts.","10s vulnerability: DEF -300, EVA -100, MDEF -35; also removes one escalation stack.","Phaeosynthesis","burst","At 70%: Phaeosynthesis - a solar bloom opens; deal 3% HP to uproot it!","Deal 3% of maximum HP before the check: 120,000 solo / 186,000 with 2 PCs / 252,000 with 3+ PCs.","5","20","SLOW","6","The bloom feeds Chloris a furious vigor.","The bloom ruptures and Chloris wilts.","10s vulnerability: DEF -300, EVA -100, MDEF -35; also removes one escalation stack.","Fatal Scream","weaponskill","Final test at 30%: Fatal Scream - Doom gathers in its throat; answer with a weapon skill!","The fight owner must use any weapon skill during the window.","4","25","DOOM","8","A brief Doom shadow falls over you.","The scream breaks into a stagger.","14s vulnerability: DEF -300, EVA -100, MDEF -35; also removes one escalation stack.","ATT +500; MATT +200","ATT +175; MATT +55; Haste +0.25%","Only the player who popped the NM is checked; Trust actions do not fail hold-fire tests.","Red removes one escalation stack; Yellow suppresses spells and opens magic vulnerability; Blue suppresses TP moves and opens physical vulnerability.","First logical clear refunds half pop cost. 2+ real PCs: x2 Gil/Infamy. No Trusts: x1.5. Bonuses stack to x3.","chloris"
"La Theine Liege","Abyssea - La Theine","1","Visions","Entry","No","Standard Visions encounter: one mechanic taught repeatedly and reinforced at both phase floors.","Enhanced Relic; no Atma assumed","5-7 min solo","120","4000000","6200000","8400000","200","25","250000","1000","6500","850","2000","700","800","700","250","300","20","10","50","24","52","240","30","Transparent Wing","turn","Transparent Wing - the wing catches the light; turn away!","Turn away; the owner must not be facing the boss when the check resolves.","5","20","BLINDNESS","6","The mirage steals your sight.","The false image dissolves.","10s vulnerability: DEF -300, EVA -100, MDEF -35; also removes one escalation stack.","Transparent Wing","turn","At 70%: Transparent Wing - the wing catches the light; turn away!","Turn away; the owner must not be facing the boss when the check resolves.","5","20","BLINDNESS","6","The mirage steals your sight.","The false image dissolves.","10s vulnerability: DEF -300, EVA -100, MDEF -35; also removes one escalation stack.","Transparent Wing","turn","Final test at 30%: Transparent Wing - the wing catches the light; turn away!","Turn away; the owner must not be facing the boss when the check resolves.","4","25","BLINDNESS","6","The mirage steals your sight.","The false image dissolves.","12s vulnerability: DEF -300, EVA -100, MDEF -35; also removes one escalation stack.","ATT +500; MATT +200","ATT +175; MATT +55; Haste +0.25%","Only the player who popped the NM is checked; Trust actions do not fail hold-fire tests.","Red removes one escalation stack; Yellow suppresses spells and opens magic vulnerability; Blue suppresses TP moves and opens physical vulnerability.","First logical clear refunds half pop cost. 2+ real PCs: x2 Gil/Infamy. No Trusts: x1.5. Bonuses stack to x3.","latheineliege"
"Poroggo Dom Juan","Abyssea - La Theine","1","Visions","Entry","No","Standard Visions encounter: one mechanic taught repeatedly and reinforced at both phase floors.","Enhanced Relic; no Atma assumed","5-7 min solo","120","4000000","6200000","8400000","200","25","250000","1000","6500","850","2000","700","800","700","250","300","20","10","50","24","52","240","30","Bug-Eaten Hex","move","Bug-Eaten Hex - the hat marks your ground; move 8 yalms!","Move at least 8 yalms from the position where the tell began.","5","20","SLOW","6","The hex binds your thoughts.","The hex lands on empty earth.","10s vulnerability: DEF -300, EVA -100, MDEF -35; also removes one escalation stack.","Bug-Eaten Hex","move","At 70%: Bug-Eaten Hex - the hat marks your ground; move 8 yalms!","Move at least 8 yalms from the position where the tell began.","5","20","SLOW","6","The hex binds your thoughts.","The hex lands on empty earth.","10s vulnerability: DEF -300, EVA -100, MDEF -35; also removes one escalation stack.","Bug-Eaten Hex","move","Final test at 30%: Bug-Eaten Hex - the hat marks your ground; move 8 yalms!","Move at least 8 yalms from the position where the tell began.","4","25","SLOW","6","The hex binds your thoughts.","The hex lands on empty earth.","12s vulnerability: DEF -300, EVA -100, MDEF -35; also removes one escalation stack.","ATT +500; MATT +200","ATT +175; MATT +55; Haste +0.25%","Only the player who popped the NM is checked; Trust actions do not fail hold-fire tests.","Red removes one escalation stack; Yellow suppresses spells and opens magic vulnerability; Blue suppresses TP moves and opens physical vulnerability.","First logical clear refunds half pop cost. 2+ real PCs: x2 Gil/Infamy. No Trusts: x1.5. Bonuses stack to x3.","poroggodomjuan"
"Lugarhoo","Abyssea - La Theine","1","Visions","Entry","No","Standard Visions encounter: one mechanic taught repeatedly and reinforced at both phase floors.","Enhanced Relic; no Atma assumed","5-7 min solo","120","4000000","6200000","8400000","200","25","250000","1000","6500","850","2000","700","800","700","250","300","20","10","50","24","52","240","30","Filthy-Claw Pounce","near","Filthy-Claw Pounce - it springs from afar; close inside 6 yalms!","Move within 6 yalms of the boss.","5","20","SILENCE","6","The pounce tears through you.","You spoil the pounce.","10s vulnerability: DEF -300, EVA -100, MDEF -35; also removes one escalation stack.","Filthy-Claw Pounce","near","At 70%: Filthy-Claw Pounce - it springs from afar; close inside 6 yalms!","Move within 6 yalms of the boss.","5","20","SILENCE","6","The pounce tears through you.","You spoil the pounce.","10s vulnerability: DEF -300, EVA -100, MDEF -35; also removes one escalation stack.","Filthy-Claw Pounce","near","Final test at 30%: Filthy-Claw Pounce - it springs from afar; close inside 6 yalms!","Move within 6 yalms of the boss.","4","25","SILENCE","6","The pounce tears through you.","You spoil the pounce.","12s vulnerability: DEF -300, EVA -100, MDEF -35; also removes one escalation stack.","ATT +500; MATT +200","ATT +175; MATT +55; Haste +0.25%","Only the player who popped the NM is checked; Trust actions do not fail hold-fire tests.","Red removes one escalation stack; Yellow suppresses spells and opens magic vulnerability; Blue suppresses TP moves and opens physical vulnerability.","First logical clear refunds half pop cost. 2+ real PCs: x2 Gil/Infamy. No Trusts: x1.5. Bonuses stack to x3.","lugarhoo"
"Dozing Dorian","Abyssea - La Theine","1","Visions","Entry","No","Standard Visions encounter: one mechanic taught repeatedly and reinforced at both phase floors.","Enhanced Relic; no Atma assumed","5-7 min solo","120","4000000","6200000","8400000","200","25","250000","1000","6500","850","2000","700","800","700","250","300","20","10","50","24","52","240","30","Drowsing Stomp","face","Drowsing Stomp - it tries to lull you; face the threat!","Face the boss when the check resolves.","5","20","PLAGUE","6","Drowsiness slows every response.","Your focus breaks the lull.","10s vulnerability: DEF -300, EVA -100, MDEF -35; also removes one escalation stack.","Drowsing Stomp","face","At 70%: Drowsing Stomp - it tries to lull you; face the threat!","Face the boss when the check resolves.","5","20","PLAGUE","6","Drowsiness slows every response.","Your focus breaks the lull.","10s vulnerability: DEF -300, EVA -100, MDEF -35; also removes one escalation stack.","Drowsing Stomp","face","Final test at 30%: Drowsing Stomp - it tries to lull you; face the threat!","Face the boss when the check resolves.","4","25","PLAGUE","6","Drowsiness slows every response.","Your focus breaks the lull.","12s vulnerability: DEF -300, EVA -100, MDEF -35; also removes one escalation stack.","ATT +500; MATT +200","ATT +175; MATT +55; Haste +0.25%","Only the player who popped the NM is checked; Trust actions do not fail hold-fire tests.","Red removes one escalation stack; Yellow suppresses spells and opens magic vulnerability; Blue suppresses TP moves and opens physical vulnerability.","First logical clear refunds half pop cost. 2+ real PCs: x2 Gil/Infamy. No Trusts: x1.5. Bonuses stack to x3.","dozingdorian"
"Toppling Tuber","Abyssea - La Theine","1","Visions","Entry","No","Standard Visions encounter: one mechanic taught repeatedly and reinforced at both phase floors.","Enhanced Relic; no Atma assumed","5-7 min solo","120","4000000","6200000","8400000","200","25","250000","1000","6500","850","2000","700","800","700","250","300","20","10","50","24","52","240","30","Agaricus Roll","far","Agaricus Roll - the giant cap topples; retreat 10 yalms!","Move at least 10 yalms from the boss.","5","20","AMNESIA","6","The cap crushes and spores you.","The cap crashes short.","10s vulnerability: DEF -300, EVA -100, MDEF -35; also removes one escalation stack.","Agaricus Roll","far","At 70%: Agaricus Roll - the giant cap topples; retreat 10 yalms!","Move at least 10 yalms from the boss.","5","20","AMNESIA","6","The cap crushes and spores you.","The cap crashes short.","10s vulnerability: DEF -300, EVA -100, MDEF -35; also removes one escalation stack.","Agaricus Roll","far","Final test at 30%: Agaricus Roll - the giant cap topples; retreat 10 yalms!","Move at least 10 yalms from the boss.","4","25","AMNESIA","6","The cap crushes and spores you.","The cap crashes short.","12s vulnerability: DEF -300, EVA -100, MDEF -35; also removes one escalation stack.","ATT +500; MATT +200","ATT +175; MATT +55; Haste +0.25%","Only the player who popped the NM is checked; Trust actions do not fail hold-fire tests.","Red removes one escalation stack; Yellow suppresses spells and opens magic vulnerability; Blue suppresses TP moves and opens physical vulnerability.","First logical clear refunds half pop cost. 2+ real PCs: x2 Gil/Infamy. No Trusts: x1.5. Bonuses stack to x3.","topplingtuber"
"Grandgousier","Abyssea - La Theine","1","Visions","Entry","No","Standard Visions encounter: one mechanic taught repeatedly and reinforced at both phase floors.","Enhanced Relic; no Atma assumed","5-7 min solo","120","4000000","6200000","8400000","200","25","250000","1000","6500","850","2000","700","800","700","250","300","20","10","50","24","52","240","30","Massive Armband","rear","Massive Armband - its arms sweep forward; circle behind!","Move behind the boss (default safe rear arc is approximately 48 degrees).","5","20","POISON","6","The sweeping blow catches you.","The armbands drag it off balance.","10s vulnerability: DEF -300, EVA -100, MDEF -35; also removes one escalation stack.","Massive Armband","rear","At 70%: Massive Armband - its arms sweep forward; circle behind!","Move behind the boss (default safe rear arc is approximately 48 degrees).","5","20","POISON","6","The sweeping blow catches you.","The armbands drag it off balance.","10s vulnerability: DEF -300, EVA -100, MDEF -35; also removes one escalation stack.","Massive Armband","rear","Final test at 30%: Massive Armband - its arms sweep forward; circle behind!","Move behind the boss (default safe rear arc is approximately 48 degrees).","4","25","POISON","6","The sweeping blow catches you.","The armbands drag it off balance.","12s vulnerability: DEF -300, EVA -100, MDEF -35; also removes one escalation stack.","ATT +500; MATT +200","ATT +175; MATT +55; Haste +0.25%","Only the player who popped the NM is checked; Trust actions do not fail hold-fire tests.","Red removes one escalation stack; Yellow suppresses spells and opens magic vulnerability; Blue suppresses TP moves and opens physical vulnerability.","First logical clear refunds half pop cost. 2+ real PCs: x2 Gil/Infamy. No Trusts: x1.5. Bonuses stack to x3.","grandgousier"
"Adamastor","Abyssea - La Theine","1","Visions","Entry","No","Standard Visions encounter: one mechanic taught repeatedly and reinforced at both phase floors.","Enhanced Relic; no Atma assumed","5-7 min solo","120","4000000","6200000","8400000","200","25","250000","1000","6500","850","2000","700","800","700","250","300","20","10","50","24","52","240","30","Trophy Shield","hold","Trophy Shield - the shield waits to counter; hold attacks!","Stop all owner damage: disengage/turn, do not weapon skill, and let the window expire.","5","20","PARALYSIS","6","The shield returns your force.","The shield lowers.","10s vulnerability: DEF -300, EVA -100, MDEF -35; also removes one escalation stack.","Trophy Shield","hold","At 70%: Trophy Shield - the shield waits to counter; hold attacks!","Stop all owner damage: disengage/turn, do not weapon skill, and let the window expire.","5","20","PARALYSIS","6","The shield returns your force.","The shield lowers.","10s vulnerability: DEF -300, EVA -100, MDEF -35; also removes one escalation stack.","Trophy Shield","hold","Final test at 30%: Trophy Shield - the shield waits to counter; hold attacks!","Stop all owner damage: disengage/turn, do not weapon skill, and let the window expire.","4","25","PARALYSIS","6","The shield returns your force.","The shield lowers.","12s vulnerability: DEF -300, EVA -100, MDEF -35; also removes one escalation stack.","ATT +500; MATT +200","ATT +175; MATT +55; Haste +0.25%","Only the player who popped the NM is checked; Trust actions do not fail hold-fire tests.","Red removes one escalation stack; Yellow suppresses spells and opens magic vulnerability; Blue suppresses TP moves and opens physical vulnerability.","First logical clear refunds half pop cost. 2+ real PCs: x2 Gil/Infamy. No Trusts: x1.5. Bonuses stack to x3.","adamastor"
"Nguruvilu","Abyssea - La Theine","1","Visions","Entry","No","Standard Visions encounter: one mechanic taught repeatedly and reinforced at both phase floors.","Enhanced Relic; no Atma assumed","5-7 min solo","120","4000000","6200000","8400000","200","25","250000","1000","6500","850","2000","700","800","700","250","300","20","10","50","24","52","240","30","Winter Egg","burst","Winter Egg - an icy shell forms; break 3% HP!","Deal 3% of maximum HP before the check: 120,000 solo / 186,000 with 2 PCs / 252,000 with 3+ PCs.","5","20","BLINDNESS","6","The shell seals its wounds.","The shell showers it in shards.","10s vulnerability: DEF -300, EVA -100, MDEF -35; also removes one escalation stack.","Winter Egg","burst","At 70%: Winter Egg - an icy shell forms; break 3% HP!","Deal 3% of maximum HP before the check: 120,000 solo / 186,000 with 2 PCs / 252,000 with 3+ PCs.","5","20","BLINDNESS","6","The shell seals its wounds.","The shell showers it in shards.","10s vulnerability: DEF -300, EVA -100, MDEF -35; also removes one escalation stack.","Winter Egg","burst","Final test at 30%: Winter Egg - an icy shell forms; break 3% HP!","Deal 3% of maximum HP before the check: 120,000 solo / 186,000 with 2 PCs / 252,000 with 3+ PCs.","4","25","BLINDNESS","6","The shell seals its wounds.","The shell showers it in shards.","12s vulnerability: DEF -300, EVA -100, MDEF -35; also removes one escalation stack.","ATT +500; MATT +200","ATT +175; MATT +55; Haste +0.25%","Only the player who popped the NM is checked; Trust actions do not fail hold-fire tests.","Red removes one escalation stack; Yellow suppresses spells and opens magic vulnerability; Blue suppresses TP moves and opens physical vulnerability.","First logical clear refunds half pop cost. 2+ real PCs: x2 Gil/Infamy. No Trusts: x1.5. Bonuses stack to x3.","nguruvilu"
"Pantagruel","Abyssea - La Theine","1","Visions","Entry","No","Standard Visions encounter: one mechanic taught repeatedly and reinforced at both phase floors.","Enhanced Relic; no Atma assumed","5-7 min solo","120","4000000","6200000","8400000","200","25","250000","1000","6500","850","2000","700","800","700","250","300","20","10","50","24","52","240","30","Oversized Step","move","Oversized Step - a giant foot shadows you; move 9 yalms!","Move at least 9 yalms from the position where the tell began.","5","20","SLOW","6","The stomp pins you down.","The stomp misses.","10s vulnerability: DEF -300, EVA -100, MDEF -35; also removes one escalation stack.","Oversized Step","move","At 70%: Oversized Step - a giant foot shadows you; move 9 yalms!","Move at least 9 yalms from the position where the tell began.","5","20","SLOW","6","The stomp pins you down.","The stomp misses.","10s vulnerability: DEF -300, EVA -100, MDEF -35; also removes one escalation stack.","Oversized Step","move","Final test at 30%: Oversized Step - a giant foot shadows you; move 9 yalms!","Move at least 9 yalms from the position where the tell began.","4","25","SLOW","6","The stomp pins you down.","The stomp misses.","12s vulnerability: DEF -300, EVA -100, MDEF -35; also removes one escalation stack.","ATT +500; MATT +200","ATT +175; MATT +55; Haste +0.25%","Only the player who popped the NM is checked; Trust actions do not fail hold-fire tests.","Red removes one escalation stack; Yellow suppresses spells and opens magic vulnerability; Blue suppresses TP moves and opens physical vulnerability.","First logical clear refunds half pop cost. 2+ real PCs: x2 Gil/Infamy. No Trusts: x1.5. Bonuses stack to x3.","pantagruel"
"Baba Yaga","Abyssea - La Theine","1","Visions","Entry","No","Standard Visions encounter: one mechanic taught repeatedly and reinforced at both phase floors.","Enhanced Relic; no Atma assumed","5-7 min solo","120","4000000","6200000","8400000","200","25","250000","1000","6500","850","2000","700","800","700","250","300","20","10","50","24","52","240","30","Piceous Veil","turn","Piceous Veil - black scales flash; turn away!","Turn away; the owner must not be facing the boss when the check resolves.","5","20","SILENCE","6","The veil clouds your senses.","The veil loses its reflection.","10s vulnerability: DEF -300, EVA -100, MDEF -35; also removes one escalation stack.","Piceous Veil","turn","At 70%: Piceous Veil - black scales flash; turn away!","Turn away; the owner must not be facing the boss when the check resolves.","5","20","SILENCE","6","The veil clouds your senses.","The veil loses its reflection.","10s vulnerability: DEF -300, EVA -100, MDEF -35; also removes one escalation stack.","Piceous Veil","turn","Final test at 30%: Piceous Veil - black scales flash; turn away!","Turn away; the owner must not be facing the boss when the check resolves.","4","25","SILENCE","6","The veil clouds your senses.","The veil loses its reflection.","12s vulnerability: DEF -300, EVA -100, MDEF -35; also removes one escalation stack.","ATT +500; MATT +200","ATT +175; MATT +55; Haste +0.25%","Only the player who popped the NM is checked; Trust actions do not fail hold-fire tests.","Red removes one escalation stack; Yellow suppresses spells and opens magic vulnerability; Blue suppresses TP moves and opens physical vulnerability.","First logical clear refunds half pop cost. 2+ real PCs: x2 Gil/Infamy. No Trusts: x1.5. Bonuses stack to x3.","babayaga"
"Megantereon","Abyssea - La Theine","1","Visions","Entry","No","Standard Visions encounter: one mechanic taught repeatedly and reinforced at both phase floors.","Enhanced Relic; no Atma assumed","5-7 min solo","120","4000000","6200000","8400000","200","25","250000","1000","6500","850","2000","700","800","700","250","300","20","10","50","24","52","240","30","Saber-Tooth Rush","near","Saber-Tooth Rush - it lines up a long rush; close within 5 yalms!","Move within 5 yalms of the boss.","5","20","PLAGUE","6","The full rush mauls you.","The tiger cannot build momentum.","10s vulnerability: DEF -300, EVA -100, MDEF -35; also removes one escalation stack.","Saber-Tooth Rush","near","At 70%: Saber-Tooth Rush - it lines up a long rush; close within 5 yalms!","Move within 5 yalms of the boss.","5","20","PLAGUE","6","The full rush mauls you.","The tiger cannot build momentum.","10s vulnerability: DEF -300, EVA -100, MDEF -35; also removes one escalation stack.","Saber-Tooth Rush","near","Final test at 30%: Saber-Tooth Rush - it lines up a long rush; close within 5 yalms!","Move within 5 yalms of the boss.","4","25","PLAGUE","6","The full rush mauls you.","The tiger cannot build momentum.","12s vulnerability: DEF -300, EVA -100, MDEF -35; also removes one escalation stack.","ATT +500; MATT +200","ATT +175; MATT +55; Haste +0.25%","Only the player who popped the NM is checked; Trust actions do not fail hold-fire tests.","Red removes one escalation stack; Yellow suppresses spells and opens magic vulnerability; Blue suppresses TP moves and opens physical vulnerability.","First logical clear refunds half pop cost. 2+ real PCs: x2 Gil/Infamy. No Trusts: x1.5. Bonuses stack to x3.","megantereon"
"Trudging Thomas","Abyssea - La Theine","1","Visions","Entry","No","Standard Visions encounter: one mechanic taught repeatedly and reinforced at both phase floors.","Enhanced Relic; no Atma assumed","5-7 min solo","120","4000000","6200000","8400000","200","25","250000","1000","6500","850","2000","700","800","700","250","300","20","10","50","24","52","240","30","Marbled Stampede","rear","Marbled Stampede - the ram lowers its horns; take the rear!","Move behind the boss (default safe rear arc is approximately 48 degrees).","5","20","AMNESIA","6","The horns launch you.","Thomas stumbles past.","10s vulnerability: DEF -300, EVA -100, MDEF -35; also removes one escalation stack.","Marbled Stampede","rear","At 70%: Marbled Stampede - the ram lowers its horns; take the rear!","Move behind the boss (default safe rear arc is approximately 48 degrees).","5","20","AMNESIA","6","The horns launch you.","Thomas stumbles past.","10s vulnerability: DEF -300, EVA -100, MDEF -35; also removes one escalation stack.","Marbled Stampede","rear","Final test at 30%: Marbled Stampede - the ram lowers its horns; take the rear!","Move behind the boss (default safe rear arc is approximately 48 degrees).","4","25","AMNESIA","6","The horns launch you.","Thomas stumbles past.","12s vulnerability: DEF -300, EVA -100, MDEF -35; also removes one escalation stack.","ATT +500; MATT +200","ATT +175; MATT +55; Haste +0.25%","Only the player who popped the NM is checked; Trust actions do not fail hold-fire tests.","Red removes one escalation stack; Yellow suppresses spells and opens magic vulnerability; Blue suppresses TP moves and opens physical vulnerability.","First logical clear refunds half pop cost. 2+ real PCs: x2 Gil/Infamy. No Trusts: x1.5. Bonuses stack to x3.","trudgingthomas"
"Carabosse","Abyssea - La Theine","1","Visions","Entry","Yes","Flagship encounter: repeats its signature, repeats it at 70%, then changes to a bespoke climax at 30%.","Enhanced Relic; no Atma assumed","5-7 min solo","120","4000000","6200000","8400000","200","25","250000","1000","6500","850","2000","700","800","700","250","300","20","10","50","24","52","240","30","Autumn Breeze","hold","Autumn Breeze - Autumn absorbs aggression; cease attacks!","Stop all owner damage: disengage/turn, do not weapon skill, and let the window expire.","5","20","SLOW","6","Autumn feeds on your attack.","The season turns and Carabosse is exposed.","10s vulnerability: DEF -300, EVA -100, MDEF -35; also removes one escalation stack.","Autumn Breeze","hold","At 70%: Autumn Breeze - Autumn absorbs aggression; cease attacks!","Stop all owner damage: disengage/turn, do not weapon skill, and let the window expire.","5","20","SLOW","6","Autumn feeds on your attack.","The season turns and Carabosse is exposed.","10s vulnerability: DEF -300, EVA -100, MDEF -35; also removes one escalation stack.","Winter to Summer","far","Final test at 30%: Winter to Summer - Winter gathers a cyclone; retreat 13 yalms!","Move at least 13 yalms from the boss.","4","25","SILENCE","6","The seasonal storm overwhelms you.","The season exhausts itself.","15s vulnerability: DEF -300, EVA -100, MDEF -35; also removes one escalation stack.","ATT +500; MATT +200","ATT +175; MATT +55; Haste +0.25%","Only the player who popped the NM is checked; Trust actions do not fail hold-fire tests.","Red removes one escalation stack; Yellow suppresses spells and opens magic vulnerability; Blue suppresses TP moves and opens physical vulnerability.","First logical clear refunds half pop cost. 2+ real PCs: x2 Gil/Infamy. No Trusts: x1.5. Bonuses stack to x3.","carabosse"
"Briareus","Abyssea - La Theine","1","Visions","Entry","Yes","Flagship encounter: repeats its signature, repeats it at 70%, then changes to a bespoke climax at 30%.","Enhanced Relic; no Atma assumed","5-7 min solo","120","4000000","6200000","8400000","200","25","250000","1000","6500","850","2000","700","800","700","250","300","20","10","50","24","52","240","30","Mercurial Omen","face","Mercurial Omen - read the repeating number and face the giant!","Face the boss when the check resolves.","5","20","CURSE_II","8","The omen breaks your formation.","You stand through the omen and expose its stance.","10s vulnerability: DEF -300, EVA -100, MDEF -35; also removes one escalation stack.","Mercurial Omen","face","At 70%: Mercurial Omen - read the repeating number and face the giant!","Face the boss when the check resolves.","5","20","CURSE_II","8","The omen breaks your formation.","You stand through the omen and expose its stance.","10s vulnerability: DEF -300, EVA -100, MDEF -35; also removes one escalation stack.","Meikyo Sequence","far","Final test at 30%: Meikyo Sequence - three Colossal Slams are coming; retreat 14 yalms!","Move at least 14 yalms from the boss.","4","25","CURSE_II","10","The Slam sequence catches you.","Briareus exhausts its hundred arms.","16s vulnerability: DEF -300, EVA -100, MDEF -35; also removes one escalation stack.","ATT +500; MATT +200","ATT +175; MATT +55; Haste +0.25%","Only the player who popped the NM is checked; Trust actions do not fail hold-fire tests.","Red removes one escalation stack; Yellow suppresses spells and opens magic vulnerability; Blue suppresses TP moves and opens physical vulnerability.","First logical clear refunds half pop cost. 2+ real PCs: x2 Gil/Infamy. No Trusts: x1.5. Bonuses stack to x3.","briareus"
"Hadhayosh","Abyssea - La Theine","1","Visions","Entry","Yes","Flagship encounter: repeats its signature, repeats it at 70%, then changes to a bespoke climax at 30%.","Enhanced Relic; no Atma assumed","5-7 min solo","120","4000000","6200000","8400000","200","25","250000","1000","6500","850","2000","700","800","700","250","300","20","10","50","24","52","240","30","Accursed Armor","hold","Accursed Armor - black armor reflects violence; cease attacks!","Stop all owner damage: disengage/turn, do not weapon skill, and let the window expire.","5","20","CURSE_I","6","The curse returns your aggression.","The armor gutters out.","10s vulnerability: DEF -300, EVA -100, MDEF -35; also removes one escalation stack.","Accursed Armor","hold","At 70%: Accursed Armor - black armor reflects violence; cease attacks!","Stop all owner damage: disengage/turn, do not weapon skill, and let the window expire.","5","20","CURSE_I","6","The curse returns your aggression.","The armor gutters out.","10s vulnerability: DEF -300, EVA -100, MDEF -35; also removes one escalation stack.","Ecliptic Meteor","far","Final test at 30%: Ecliptic Meteor - Meteor fixes your position; escape beyond 15 yalms!","Move at least 15 yalms from the boss.","4","25","AMNESIA","6","Meteor consumes the marked ground.","The meteor misses and Hadhayosh falters.","16s vulnerability: DEF -300, EVA -100, MDEF -35; also removes one escalation stack.","ATT +500; MATT +200","ATT +175; MATT +55; Haste +0.25%","Only the player who popped the NM is checked; Trust actions do not fail hold-fire tests.","Red removes one escalation stack; Yellow suppresses spells and opens magic vulnerability; Blue suppresses TP moves and opens physical vulnerability.","First logical clear refunds half pop cost. 2+ real PCs: x2 Gil/Infamy. No Trusts: x1.5. Bonuses stack to x3.","hadhayosh"
"Svarbhanu","Abyssea - Attohwa","2","Scars","Intermediate","No","Standard Scars encounter: repeating signature, same test at 70%, reversed test at 30%.","Relic plus one Atma slot","7-10 min solo","130","8000000","12400000","16800000","350","40","500000","1500","8000","1200","3200","900","1100","900","400","350","25","15","75","20","44","360","25","Cracked Scale","burst","Cracked Scale - a dragon scale seals its chest; break 4% HP!","Deal 4% of maximum HP before the check: 320,000 solo / 496,000 with 2 PCs / 672,000 with 3+ PCs.","5","25","SLOW","8","The scale hardens its hide.","The scale shatters inward.","10s vulnerability: DEF -400, EVA -150, MDEF -50; also removes one escalation stack.","Cracked Scale","burst","At 70%: Cracked Scale - a dragon scale seals its chest; break 4% HP!","Deal 4% of maximum HP before the check: 320,000 solo / 496,000 with 2 PCs / 672,000 with 3+ PCs.","5","25","SLOW","8","The scale hardens its hide.","The scale shatters inward.","10s vulnerability: DEF -400, EVA -150, MDEF -50; also removes one escalation stack.","Cracked Scale - Reversal 1","far","Final test at 30%: Cracked Scale - Reversal 1 - the broken ward erupts outward; retreat beyond 13 yalms!","Move at least 13 yalms from the boss.","4","30","SLOW","8","The scale hardens its hide.","The scale shatters inward.","14s vulnerability: DEF -400, EVA -150, MDEF -50; also removes one escalation stack.","ATT +1000; MATT +400","ATT +350; MATT +110; Haste +0.25%","Only the player who popped the NM is checked; Trust actions do not fail hold-fire tests.","Red removes one escalation stack; Yellow suppresses spells and opens magic vulnerability; Blue suppresses TP moves and opens physical vulnerability.","First logical clear refunds half pop cost. 2+ real PCs: x2 Gil/Infamy. No Trusts: x1.5. Bonuses stack to x3.","svarbhanu"
"Maahes","Abyssea - Attohwa","2","Scars","Intermediate","No","Standard Scars encounter: repeating signature, same test at 70%, reversed test at 30%.","Relic plus one Atma slot","7-10 min solo","130","8000000","12400000","16800000","350","40","500000","1500","8000","1200","3200","900","1100","900","400","350","25","15","75","20","44","360","25","Coeurl Circuit","move","Coeurl Circuit - lightning maps your ground; move 10 yalms!","Move at least 10 yalms from the position where the tell began.","5","25","SILENCE","8","The circuit closes through you.","The circuit discharges harmlessly.","10s vulnerability: DEF -400, EVA -150, MDEF -50; also removes one escalation stack.","Coeurl Circuit","move","At 70%: Coeurl Circuit - lightning maps your ground; move 10 yalms!","Move at least 10 yalms from the position where the tell began.","5","25","SILENCE","8","The circuit closes through you.","The circuit discharges harmlessly.","10s vulnerability: DEF -400, EVA -150, MDEF -50; also removes one escalation stack.","Coeurl Circuit - Reversal 1","rear","Final test at 30%: Coeurl Circuit - Reversal 1 - the marked path turns forward; reach the rear!","Move behind the boss (default safe rear arc is approximately 48 degrees).","4","30","SILENCE","8","The circuit closes through you.","The circuit discharges harmlessly.","14s vulnerability: DEF -400, EVA -150, MDEF -50; also removes one escalation stack.","ATT +1000; MATT +400","ATT +350; MATT +110; Haste +0.25%","Only the player who popped the NM is checked; Trust actions do not fail hold-fire tests.","Red removes one escalation stack; Yellow suppresses spells and opens magic vulnerability; Blue suppresses TP moves and opens physical vulnerability.","First logical clear refunds half pop cost. 2+ real PCs: x2 Gil/Infamy. No Trusts: x1.5. Bonuses stack to x3.","maahes"
"Mielikki","Abyssea - Attohwa","2","Scars","Intermediate","No","Standard Scars encounter: repeating signature, same test at 70%, reversed test at 30%.","Relic plus one Atma slot","7-10 min solo","130","8000000","12400000","16800000","350","40","500000","1500","8000","1200","3200","900","1100","900","400","350","25","15","75","20","44","360","25","Great Root","far","Great Root - roots erupt in a widening ring; retreat 13 yalms!","Move at least 13 yalms from the boss.","5","25","PLAGUE","8","The roots drag away your strength.","The roots fail to reach.","10s vulnerability: DEF -400, EVA -150, MDEF -50; also removes one escalation stack.","Great Root","far","At 70%: Great Root - roots erupt in a widening ring; retreat 13 yalms!","Move at least 13 yalms from the boss.","5","25","PLAGUE","8","The roots drag away your strength.","The roots fail to reach.","10s vulnerability: DEF -400, EVA -150, MDEF -50; also removes one escalation stack.","Great Root - Reversal 1","near","Final test at 30%: Great Root - Reversal 1 - the outer ring closes; move within 6 yalms!","Move within 6 yalms of the boss.","4","30","PLAGUE","8","The roots drag away your strength.","The roots fail to reach.","14s vulnerability: DEF -400, EVA -150, MDEF -50; also removes one escalation stack.","ATT +1000; MATT +400","ATT +350; MATT +110; Haste +0.25%","Only the player who popped the NM is checked; Trust actions do not fail hold-fire tests.","Red removes one escalation stack; Yellow suppresses spells and opens magic vulnerability; Blue suppresses TP moves and opens physical vulnerability.","First logical clear refunds half pop cost. 2+ real PCs: x2 Gil/Infamy. No Trusts: x1.5. Bonuses stack to x3.","mielikki"
"Gaizkin","Abyssea - Attohwa","2","Scars","Intermediate","No","Standard Scars encounter: repeating signature, same test at 70%, reversed test at 30%.","Relic plus one Atma slot","7-10 min solo","130","8000000","12400000","16800000","350","40","500000","1500","8000","1200","3200","900","1100","900","400","350","25","15","75","20","44","360","25","Undying Ooze","hold","Undying Ooze - the ooze copies incoming force; cease attacks!","Stop all owner damage: disengage/turn, do not weapon skill, and let the window expire.","5","25","AMNESIA","8","The copied force erupts back.","The ooze decays.","10s vulnerability: DEF -400, EVA -150, MDEF -50; also removes one escalation stack.","Undying Ooze","hold","At 70%: Undying Ooze - the ooze copies incoming force; cease attacks!","Stop all owner damage: disengage/turn, do not weapon skill, and let the window expire.","5","25","AMNESIA","8","The copied force erupts back.","The ooze decays.","10s vulnerability: DEF -400, EVA -150, MDEF -50; also removes one escalation stack.","Undying Ooze - Reversal 1","burst","Final test at 30%: Undying Ooze - Reversal 1 - the restraint breaks; deal 4% HP before it reforms!","Deal 4% of maximum HP before the check: 320,000 solo / 496,000 with 2 PCs / 672,000 with 3+ PCs.","4","30","AMNESIA","8","The copied force erupts back.","The ooze decays.","14s vulnerability: DEF -400, EVA -150, MDEF -50; also removes one escalation stack.","ATT +1000; MATT +400","ATT +350; MATT +110; Haste +0.25%","Only the player who popped the NM is checked; Trust actions do not fail hold-fire tests.","Red removes one escalation stack; Yellow suppresses spells and opens magic vulnerability; Blue suppresses TP moves and opens physical vulnerability.","First logical clear refunds half pop cost. 2+ real PCs: x2 Gil/Infamy. No Trusts: x1.5. Bonuses stack to x3.","gaizkin"
"Pallid Percy","Abyssea - Attohwa","2","Scars","Intermediate","No","Standard Scars encounter: repeating signature, same test at 70%, reversed test at 30%.","Relic plus one Atma slot","7-10 min solo","130","8000000","12400000","16800000","350","40","500000","1500","8000","1200","3200","900","1100","900","400","350","25","15","75","20","44","360","25","Pallid Division","burst","Pallid Division - the slime begins to divide; deal 4% HP!","Deal 4% of maximum HP before the check: 320,000 solo / 496,000 with 2 PCs / 672,000 with 3+ PCs.","5","25","POISON","8","The new mass reinforces Percy.","The division collapses.","10s vulnerability: DEF -400, EVA -150, MDEF -50; also removes one escalation stack.","Pallid Division","burst","At 70%: Pallid Division - the slime begins to divide; deal 4% HP!","Deal 4% of maximum HP before the check: 320,000 solo / 496,000 with 2 PCs / 672,000 with 3+ PCs.","5","25","POISON","8","The new mass reinforces Percy.","The division collapses.","10s vulnerability: DEF -400, EVA -150, MDEF -50; also removes one escalation stack.","Pallid Division - Reversal 1","far","Final test at 30%: Pallid Division - Reversal 1 - the broken ward erupts outward; retreat beyond 13 yalms!","Move at least 13 yalms from the boss.","4","30","POISON","8","The new mass reinforces Percy.","The division collapses.","14s vulnerability: DEF -400, EVA -150, MDEF -50; also removes one escalation stack.","ATT +1000; MATT +400","ATT +350; MATT +110; Haste +0.25%","Only the player who popped the NM is checked; Trust actions do not fail hold-fire tests.","Red removes one escalation stack; Yellow suppresses spells and opens magic vulnerability; Blue suppresses TP moves and opens physical vulnerability.","First logical clear refunds half pop cost. 2+ real PCs: x2 Gil/Infamy. No Trusts: x1.5. Bonuses stack to x3.","pallidpercy"
"Berstuk","Abyssea - Attohwa","2","Scars","Intermediate","No","Standard Scars encounter: repeating signature, same test at 70%, reversed test at 30%.","Relic plus one Atma slot","7-10 min solo","130","8000000","12400000","16800000","350","40","500000","1500","8000","1200","3200","900","1100","900","400","350","25","15","75","20","44","360","25","Extended Eyestalk","turn","Extended Eyestalk - the eyestalk unfolds; look away!","Turn away; the owner must not be facing the boss when the check resolves.","5","25","PARALYSIS","8","The gaze robs your memory.","The eye loses focus.","10s vulnerability: DEF -400, EVA -150, MDEF -50; also removes one escalation stack.","Extended Eyestalk","turn","At 70%: Extended Eyestalk - the eyestalk unfolds; look away!","Turn away; the owner must not be facing the boss when the check resolves.","5","25","PARALYSIS","8","The gaze robs your memory.","The eye loses focus.","10s vulnerability: DEF -400, EVA -150, MDEF -50; also removes one escalation stack.","Extended Eyestalk - Reversal 1","move","Final test at 30%: Extended Eyestalk - Reversal 1 - the pattern reverses; move at least 9 yalms!","Move at least 9 yalms from the position where the tell began.","4","30","PARALYSIS","8","The gaze robs your memory.","The eye loses focus.","14s vulnerability: DEF -400, EVA -150, MDEF -50; also removes one escalation stack.","ATT +1000; MATT +400","ATT +350; MATT +110; Haste +0.25%","Only the player who popped the NM is checked; Trust actions do not fail hold-fire tests.","Red removes one escalation stack; Yellow suppresses spells and opens magic vulnerability; Blue suppresses TP moves and opens physical vulnerability.","First logical clear refunds half pop cost. 2+ real PCs: x2 Gil/Infamy. No Trusts: x1.5. Bonuses stack to x3.","berstuk"
"Wherwetrice","Abyssea - Attohwa","2","Scars","Intermediate","No","Standard Scars encounter: repeating signature, same test at 70%, reversed test at 30%.","Relic plus one Atma slot","7-10 min solo","130","8000000","12400000","16800000","350","40","500000","1500","8000","1200","3200","900","1100","900","400","350","25","15","75","20","44","360","25","Mangled Pinion","rear","Mangled Pinion - its wings scissor forward; take the rear!","Move behind the boss (default safe rear arc is approximately 48 degrees).","5","25","BLINDNESS","8","The scissor tears through you.","The pinions tangle.","10s vulnerability: DEF -400, EVA -150, MDEF -50; also removes one escalation stack.","Mangled Pinion","rear","At 70%: Mangled Pinion - its wings scissor forward; take the rear!","Move behind the boss (default safe rear arc is approximately 48 degrees).","5","25","BLINDNESS","8","The scissor tears through you.","The pinions tangle.","10s vulnerability: DEF -400, EVA -150, MDEF -50; also removes one escalation stack.","Mangled Pinion - Reversal 1","far","Final test at 30%: Mangled Pinion - Reversal 1 - the rear erupts; retreat beyond 13 yalms!","Move at least 13 yalms from the boss.","4","30","BLINDNESS","8","The scissor tears through you.","The pinions tangle.","14s vulnerability: DEF -400, EVA -150, MDEF -50; also removes one escalation stack.","ATT +1000; MATT +400","ATT +350; MATT +110; Haste +0.25%","Only the player who popped the NM is checked; Trust actions do not fail hold-fire tests.","Red removes one escalation stack; Yellow suppresses spells and opens magic vulnerability; Blue suppresses TP moves and opens physical vulnerability.","First logical clear refunds half pop cost. 2+ real PCs: x2 Gil/Infamy. No Trusts: x1.5. Bonuses stack to x3.","wherwetrice"
"Drekavac","Abyssea - Attohwa","2","Scars","Intermediate","No","Standard Scars encounter: repeating signature, same test at 70%, reversed test at 30%.","Relic plus one Atma slot","7-10 min solo","130","8000000","12400000","16800000","350","40","500000","1500","8000","1200","3200","900","1100","900","400","350","25","15","75","20","44","360","25","Wailing Rags","face","Wailing Rags - the dead demand a witness; face them!","Face the boss when the check resolves.","5","25","SLOW","8","The rags smother your will.","The wail loses its hold.","10s vulnerability: DEF -400, EVA -150, MDEF -50; also removes one escalation stack.","Wailing Rags","face","At 70%: Wailing Rags - the dead demand a witness; face them!","Face the boss when the check resolves.","5","25","SLOW","8","The rags smother your will.","The wail loses its hold.","10s vulnerability: DEF -400, EVA -150, MDEF -50; also removes one escalation stack.","Wailing Rags - Reversal 1","hold","Final test at 30%: Wailing Rags - Reversal 1 - the pattern mirrors aggression; cease attacks!","Stop all owner damage: disengage/turn, do not weapon skill, and let the window expire.","4","30","SLOW","8","The rags smother your will.","The wail loses its hold.","14s vulnerability: DEF -400, EVA -150, MDEF -50; also removes one escalation stack.","ATT +1000; MATT +400","ATT +350; MATT +110; Haste +0.25%","Only the player who popped the NM is checked; Trust actions do not fail hold-fire tests.","Red removes one escalation stack; Yellow suppresses spells and opens magic vulnerability; Blue suppresses TP moves and opens physical vulnerability.","First logical clear refunds half pop cost. 2+ real PCs: x2 Gil/Infamy. No Trusts: x1.5. Bonuses stack to x3.","drekavac"
"Kharon","Abyssea - Attohwa","2","Scars","Intermediate","No","Standard Scars encounter: repeating signature, same test at 70%, reversed test at 30%.","Relic plus one Atma slot","7-10 min solo","130","8000000","12400000","16800000","350","40","500000","1500","8000","1200","3200","900","1100","900","400","350","25","15","75","20","44","360","25","Bone Toll","weaponskill","Bone Toll - the ferryman demands force; pay with a weapon skill!","The fight owner must use any weapon skill during the window.","5","25","SILENCE","8","The unpaid toll drains your resolve.","The toll cracks Kharon.","10s vulnerability: DEF -400, EVA -150, MDEF -50; also removes one escalation stack.","Bone Toll","weaponskill","At 70%: Bone Toll - the ferryman demands force; pay with a weapon skill!","The fight owner must use any weapon skill during the window.","5","25","SILENCE","8","The unpaid toll drains your resolve.","The toll cracks Kharon.","10s vulnerability: DEF -400, EVA -150, MDEF -50; also removes one escalation stack.","Bone Toll - Reversal 1","far","Final test at 30%: Bone Toll - Reversal 1 - the answer detonates outward; retreat beyond 13 yalms!","Move at least 13 yalms from the boss.","4","30","SILENCE","8","The unpaid toll drains your resolve.","The toll cracks Kharon.","14s vulnerability: DEF -400, EVA -150, MDEF -50; also removes one escalation stack.","ATT +1000; MATT +400","ATT +350; MATT +110; Haste +0.25%","Only the player who popped the NM is checked; Trust actions do not fail hold-fire tests.","Red removes one escalation stack; Yellow suppresses spells and opens magic vulnerability; Blue suppresses TP moves and opens physical vulnerability.","First logical clear refunds half pop cost. 2+ real PCs: x2 Gil/Infamy. No Trusts: x1.5. Bonuses stack to x3.","kharon"
"Kampe","Abyssea - Attohwa","2","Scars","Intermediate","No","Standard Scars encounter: repeating signature, same test at 70%, reversed test at 30%.","Relic plus one Atma slot","7-10 min solo","130","8000000","12400000","16800000","350","40","500000","1500","8000","1200","3200","900","1100","900","400","350","25","15","75","20","44","360","25","Gory Pincer","near","Gory Pincer - the pincer reaches outward; crowd within 5 yalms!","Move within 5 yalms of the boss.","5","25","PLAGUE","8","The claw impales you.","You slip inside its reach.","10s vulnerability: DEF -400, EVA -150, MDEF -50; also removes one escalation stack.","Gory Pincer","near","At 70%: Gory Pincer - the pincer reaches outward; crowd within 5 yalms!","Move within 5 yalms of the boss.","5","25","PLAGUE","8","The claw impales you.","You slip inside its reach.","10s vulnerability: DEF -400, EVA -150, MDEF -50; also removes one escalation stack.","Gory Pincer - Reversal 1","move","Final test at 30%: Gory Pincer - Reversal 1 - the safe center shifts; move at least 9 yalms!","Move at least 9 yalms from the position where the tell began.","4","30","PLAGUE","8","The claw impales you.","You slip inside its reach.","14s vulnerability: DEF -400, EVA -150, MDEF -50; also removes one escalation stack.","ATT +1000; MATT +400","ATT +350; MATT +110; Haste +0.25%","Only the player who popped the NM is checked; Trust actions do not fail hold-fire tests.","Red removes one escalation stack; Yellow suppresses spells and opens magic vulnerability; Blue suppresses TP moves and opens physical vulnerability.","First logical clear refunds half pop cost. 2+ real PCs: x2 Gil/Infamy. No Trusts: x1.5. Bonuses stack to x3.","kampe"
"Nightshade","Abyssea - Attohwa","2","Scars","Intermediate","No","Standard Scars encounter: repeating signature, same test at 70%, reversed test at 30%.","Relic plus one Atma slot","7-10 min solo","130","8000000","12400000","16800000","350","40","500000","1500","8000","1200","3200","900","1100","900","400","350","25","15","75","20","44","360","25","Withered Bloom","move","Withered Bloom - the bloom stains the ground; move 9 yalms!","Move at least 9 yalms from the position where the tell began.","5","25","AMNESIA","8","The stain flowers beneath you.","The stain blooms alone.","10s vulnerability: DEF -400, EVA -150, MDEF -50; also removes one escalation stack.","Withered Bloom","move","At 70%: Withered Bloom - the bloom stains the ground; move 9 yalms!","Move at least 9 yalms from the position where the tell began.","5","25","AMNESIA","8","The stain flowers beneath you.","The stain blooms alone.","10s vulnerability: DEF -400, EVA -150, MDEF -50; also removes one escalation stack.","Withered Bloom - Reversal 1","rear","Final test at 30%: Withered Bloom - Reversal 1 - the marked path turns forward; reach the rear!","Move behind the boss (default safe rear arc is approximately 48 degrees).","4","30","AMNESIA","8","The stain flowers beneath you.","The stain blooms alone.","14s vulnerability: DEF -400, EVA -150, MDEF -50; also removes one escalation stack.","ATT +1000; MATT +400","ATT +350; MATT +110; Haste +0.25%","Only the player who popped the NM is checked; Trust actions do not fail hold-fire tests.","Red removes one escalation stack; Yellow suppresses spells and opens magic vulnerability; Blue suppresses TP moves and opens physical vulnerability.","First logical clear refunds half pop cost. 2+ real PCs: x2 Gil/Infamy. No Trusts: x1.5. Bonuses stack to x3.","nightshade"
"Blazing Eruca","Abyssea - Attohwa","2","Scars","Intermediate","No","Standard Scars encounter: repeating signature, same test at 70%, reversed test at 30%.","Relic plus one Atma slot","7-10 min solo","130","8000000","12400000","16800000","350","40","500000","1500","8000","1200","3200","900","1100","900","400","350","25","15","75","20","44","360","25","Brood Furnace","far","Brood Furnace - the egg becomes a furnace; retreat 13 yalms!","Move at least 13 yalms from the boss.","5","25","POISON","8","The broodfire scorches you.","The furnace vents away.","10s vulnerability: DEF -400, EVA -150, MDEF -50; also removes one escalation stack.","Brood Furnace","far","At 70%: Brood Furnace - the egg becomes a furnace; retreat 13 yalms!","Move at least 13 yalms from the boss.","5","25","POISON","8","The broodfire scorches you.","The furnace vents away.","10s vulnerability: DEF -400, EVA -150, MDEF -50; also removes one escalation stack.","Brood Furnace - Reversal 1","near","Final test at 30%: Brood Furnace - Reversal 1 - the outer ring closes; move within 6 yalms!","Move within 6 yalms of the boss.","4","30","POISON","8","The broodfire scorches you.","The furnace vents away.","14s vulnerability: DEF -400, EVA -150, MDEF -50; also removes one escalation stack.","ATT +1000; MATT +400","ATT +350; MATT +110; Haste +0.25%","Only the player who popped the NM is checked; Trust actions do not fail hold-fire tests.","Red removes one escalation stack; Yellow suppresses spells and opens magic vulnerability; Blue suppresses TP moves and opens physical vulnerability.","First logical clear refunds half pop cost. 2+ real PCs: x2 Gil/Infamy. No Trusts: x1.5. Bonuses stack to x3.","blazingeruca"
"Granite Borer","Abyssea - Attohwa","2","Scars","Intermediate","No","Standard Scars encounter: repeating signature, same test at 70%, reversed test at 30%.","Relic plus one Atma slot","7-10 min solo","130","8000000","12400000","16800000","350","40","500000","1500","8000","1200","3200","900","1100","900","400","350","25","15","75","20","44","360","25","Withered Cocoon","hold","Withered Cocoon - the cocoon reflects disturbance; stop attacks!","Stop all owner damage: disengage/turn, do not weapon skill, and let the window expire.","5","25","PARALYSIS","8","The cocoon bursts in retaliation.","The cocoon splits naturally.","10s vulnerability: DEF -400, EVA -150, MDEF -50; also removes one escalation stack.","Withered Cocoon","hold","At 70%: Withered Cocoon - the cocoon reflects disturbance; stop attacks!","Stop all owner damage: disengage/turn, do not weapon skill, and let the window expire.","5","25","PARALYSIS","8","The cocoon bursts in retaliation.","The cocoon splits naturally.","10s vulnerability: DEF -400, EVA -150, MDEF -50; also removes one escalation stack.","Withered Cocoon - Reversal 1","burst","Final test at 30%: Withered Cocoon - Reversal 1 - the restraint breaks; deal 4% HP before it reforms!","Deal 4% of maximum HP before the check: 320,000 solo / 496,000 with 2 PCs / 672,000 with 3+ PCs.","4","30","PARALYSIS","8","The cocoon bursts in retaliation.","The cocoon splits naturally.","14s vulnerability: DEF -400, EVA -150, MDEF -50; also removes one escalation stack.","ATT +1000; MATT +400","ATT +350; MATT +110; Haste +0.25%","Only the player who popped the NM is checked; Trust actions do not fail hold-fire tests.","Red removes one escalation stack; Yellow suppresses spells and opens magic vulnerability; Blue suppresses TP moves and opens physical vulnerability.","First logical clear refunds half pop cost. 2+ real PCs: x2 Gil/Infamy. No Trusts: x1.5. Bonuses stack to x3.","graniteborer"
"Smok","Abyssea - Attohwa","2","Scars","Intermediate","Yes","Flagship encounter: repeats its signature, repeats it at 70%, then changes to a bespoke climax at 30%.","Relic plus one Atma slot","7-10 min solo","130","8000000","12400000","16800000","350","40","500000","1500","8000","1200","3200","900","1100","900","400","350","25","15","75","20","44","360","25","Tebbad Wing","rear","Tebbad Wing - its burning wings sweep forward; take the rear!","Move behind the boss (default safe rear arc is approximately 48 degrees).","5","25","PLAGUE","8","Plague and heat take hold.","The wingfire feeds back into Smok.","10s vulnerability: DEF -400, EVA -150, MDEF -50; also removes one escalation stack.","Tebbad Wing","rear","At 70%: Tebbad Wing - its burning wings sweep forward; take the rear!","Move behind the boss (default safe rear arc is approximately 48 degrees).","5","25","PLAGUE","8","Plague and heat take hold.","The wingfire feeds back into Smok.","10s vulnerability: DEF -400, EVA -150, MDEF -50; also removes one escalation stack.","Smoldering Sky","burst","Final test at 30%: Smoldering Sky - embers crown Smok; deal 5% HP to cool it!","Deal 5% of maximum HP before the check: 400,000 solo / 620,000 with 2 PCs / 840,000 with 3+ PCs.","4","30","TERROR","5","Smok enters a hotter rage.","The heat meter collapses.","14s vulnerability: DEF -400, EVA -150, MDEF -50; also removes one escalation stack.","ATT +1000; MATT +400","ATT +350; MATT +110; Haste +0.25%","Only the player who popped the NM is checked; Trust actions do not fail hold-fire tests.","Red removes one escalation stack; Yellow suppresses spells and opens magic vulnerability; Blue suppresses TP moves and opens physical vulnerability.","First logical clear refunds half pop cost. 2+ real PCs: x2 Gil/Infamy. No Trusts: x1.5. Bonuses stack to x3.","smok"
"Ulhuadshi","Abyssea - Attohwa","2","Scars","Intermediate","Yes","Flagship encounter: repeats its signature, repeats it at 70%, then changes to a bespoke climax at 30%.","Relic plus one Atma slot","7-10 min solo","130","8000000","12400000","16800000","350","40","500000","1500","8000","1200","3200","900","1100","900","400","350","25","15","75","20","44","360","25","Damage Cocoon","hold","Damage Cocoon - its hide absorbs all force; cease attacks!","Stop all owner damage: disengage/turn, do not weapon skill, and let the window expire.","5","25","SLOW","8","Stored force heals its frenzy.","The absorption ends empty.","10s vulnerability: DEF -400, EVA -150, MDEF -50; also removes one escalation stack.","Damage Cocoon","hold","At 70%: Damage Cocoon - its hide absorbs all force; cease attacks!","Stop all owner damage: disengage/turn, do not weapon skill, and let the window expire.","5","25","SLOW","8","Stored force heals its frenzy.","The absorption ends empty.","10s vulnerability: DEF -400, EVA -150, MDEF -50; also removes one escalation stack.","Psyche Suction","far","Final test at 30%: Psyche Suction - the worm drinks every attribute nearby; retreat 14 yalms!","Move at least 14 yalms from the boss.","4","30","CURSE_I","8","Your attributes are crushed.","The suction starves.","14s vulnerability: DEF -400, EVA -150, MDEF -50; also removes one escalation stack.","ATT +1000; MATT +400","ATT +350; MATT +110; Haste +0.25%","Only the player who popped the NM is checked; Trust actions do not fail hold-fire tests.","Red removes one escalation stack; Yellow suppresses spells and opens magic vulnerability; Blue suppresses TP moves and opens physical vulnerability.","First logical clear refunds half pop cost. 2+ real PCs: x2 Gil/Infamy. No Trusts: x1.5. Bonuses stack to x3.","ulhuadshi"
"Titlacauan","Abyssea - Attohwa","2","Scars","Intermediate","Yes","Flagship encounter: repeats its signature, repeats it at 70%, then changes to a bespoke climax at 30%.","Relic plus one Atma slot","7-10 min solo","130","8000000","12400000","16800000","350","40","500000","1500","8000","1200","3200","900","1100","900","400","350","25","15","75","20","44","360","25","Memento Mori","weaponskill","Memento Mori - the death-rite primes a nuke; break it with a weapon skill!","The fight owner must use any weapon skill during the window.","5","25","SILENCE","8","The rite empowers the coming spell.","The rite shatters.","10s vulnerability: DEF -400, EVA -150, MDEF -50; also removes one escalation stack.","Memento Mori","weaponskill","At 70%: Memento Mori - the death-rite primes a nuke; break it with a weapon skill!","The fight owner must use any weapon skill during the window.","5","25","SILENCE","8","The rite empowers the coming spell.","The rite shatters.","10s vulnerability: DEF -400, EVA -150, MDEF -50; also removes one escalation stack.","Soul Tether","move","Final test at 30%: Soul Tether - a charm tether fixes your soul; move 11 yalms!","Move at least 11 yalms from the position where the tell began.","4","30","TERROR","7","The tether steals your will.","The tether snaps.","14s vulnerability: DEF -400, EVA -150, MDEF -50; also removes one escalation stack.","ATT +1000; MATT +400","ATT +350; MATT +110; Haste +0.25%","Only the player who popped the NM is checked; Trust actions do not fail hold-fire tests.","Red removes one escalation stack; Yellow suppresses spells and opens magic vulnerability; Blue suppresses TP moves and opens physical vulnerability.","First logical clear refunds half pop cost. 2+ real PCs: x2 Gil/Infamy. No Trusts: x1.5. Bonuses stack to x3.","titlacauan"
"Itzpapalotl","Abyssea - Attohwa","2","Scars","Intermediate","Yes","Flagship encounter: repeats its signature, repeats it at 70%, then changes to a bespoke climax at 30%.","Relic plus one Atma slot","7-10 min solo","130","8000000","12400000","16800000","350","40","500000","1500","8000","1200","3200","900","1100","900","400","350","25","15","75","20","44","360","25","Exuviation","hold","Exuviation - it consumes aggression and ailments; cease attacks!","Stop all owner damage: disengage/turn, do not weapon skill, and let the window expire.","5","25","PLAGUE","8","The molt feeds its blaze.","Exuviation finds nothing to feed on.","10s vulnerability: DEF -400, EVA -150, MDEF -50; also removes one escalation stack.","Exuviation","hold","At 70%: Exuviation - it consumes aggression and ailments; cease attacks!","Stop all owner damage: disengage/turn, do not weapon skill, and let the window expire.","5","25","PLAGUE","8","The molt feeds its blaze.","Exuviation finds nothing to feed on.","10s vulnerability: DEF -400, EVA -150, MDEF -50; also removes one escalation stack.","Blazing Flutter","far","Final test at 30%: Blazing Flutter - Blaze Spikes erupt around it; retreat 14 yalms!","Move at least 14 yalms from the boss.","4","30","PARALYSIS","8","The flutter brands you.","The flames gutter out.","14s vulnerability: DEF -400, EVA -150, MDEF -50; also removes one escalation stack.","ATT +1000; MATT +400","ATT +350; MATT +110; Haste +0.25%","Only the player who popped the NM is checked; Trust actions do not fail hold-fire tests.","Red removes one escalation stack; Yellow suppresses spells and opens magic vulnerability; Blue suppresses TP moves and opens physical vulnerability.","First logical clear refunds half pop cost. 2+ real PCs: x2 Gil/Infamy. No Trusts: x1.5. Bonuses stack to x3.","itzpapalotl"
"Minax Bugard","Abyssea - Misareaux","2","Scars","Intermediate","No","Standard Scars encounter: repeating signature, same test at 70%, reversed test at 30%.","Relic plus one Atma slot","7-10 min solo","130","8000000","12400000","16800000","350","40","500000","1500","8000","1200","3200","900","1100","900","400","350","25","15","75","20","44","360","25","Bugard Breakline","rear","Bugard Breakline - its horns rake forward; reach the rear!","Move behind the boss (default safe rear arc is approximately 48 degrees).","5","25","AMNESIA","8","The horns tear away your guard.","The hornline misses.","10s vulnerability: DEF -400, EVA -150, MDEF -50; also removes one escalation stack.","Bugard Breakline","rear","At 70%: Bugard Breakline - its horns rake forward; reach the rear!","Move behind the boss (default safe rear arc is approximately 48 degrees).","5","25","AMNESIA","8","The horns tear away your guard.","The hornline misses.","10s vulnerability: DEF -400, EVA -150, MDEF -50; also removes one escalation stack.","Bugard Breakline - Reversal 1","far","Final test at 30%: Bugard Breakline - Reversal 1 - the rear erupts; retreat beyond 13 yalms!","Move at least 13 yalms from the boss.","4","30","AMNESIA","8","The horns tear away your guard.","The hornline misses.","14s vulnerability: DEF -400, EVA -150, MDEF -50; also removes one escalation stack.","ATT +1000; MATT +400","ATT +350; MATT +110; Haste +0.25%","Only the player who popped the NM is checked; Trust actions do not fail hold-fire tests.","Red removes one escalation stack; Yellow suppresses spells and opens magic vulnerability; Blue suppresses TP moves and opens physical vulnerability.","First logical clear refunds half pop cost. 2+ real PCs: x2 Gil/Infamy. No Trusts: x1.5. Bonuses stack to x3.","minaxbugard"
"Sirrush","Abyssea - Misareaux","2","Scars","Intermediate","No","Standard Scars encounter: repeating signature, same test at 70%, reversed test at 30%.","Relic plus one Atma slot","7-10 min solo","130","8000000","12400000","16800000","350","40","500000","1500","8000","1200","3200","900","1100","900","400","350","25","15","75","20","44","360","25","Scale Reversal","hold","Scale Reversal - its scales reverse incoming force; stop attacks!","Stop all owner damage: disengage/turn, do not weapon skill, and let the window expire.","5","25","POISON","8","The reversal strikes back.","The scales settle.","10s vulnerability: DEF -400, EVA -150, MDEF -50; also removes one escalation stack.","Scale Reversal","hold","At 70%: Scale Reversal - its scales reverse incoming force; stop attacks!","Stop all owner damage: disengage/turn, do not weapon skill, and let the window expire.","5","25","POISON","8","The reversal strikes back.","The scales settle.","10s vulnerability: DEF -400, EVA -150, MDEF -50; also removes one escalation stack.","Scale Reversal - Reversal 1","burst","Final test at 30%: Scale Reversal - Reversal 1 - the restraint breaks; deal 4% HP before it reforms!","Deal 4% of maximum HP before the check: 320,000 solo / 496,000 with 2 PCs / 672,000 with 3+ PCs.","4","30","POISON","8","The reversal strikes back.","The scales settle.","14s vulnerability: DEF -400, EVA -150, MDEF -50; also removes one escalation stack.","ATT +1000; MATT +400","ATT +350; MATT +110; Haste +0.25%","Only the player who popped the NM is checked; Trust actions do not fail hold-fire tests.","Red removes one escalation stack; Yellow suppresses spells and opens magic vulnerability; Blue suppresses TP moves and opens physical vulnerability.","First logical clear refunds half pop cost. 2+ real PCs: x2 Gil/Infamy. No Trusts: x1.5. Bonuses stack to x3.","sirrush"
"Funereal Apkallu","Abyssea - Misareaux","2","Scars","Intermediate","No","Standard Scars encounter: repeating signature, same test at 70%, reversed test at 30%.","Relic plus one Atma slot","7-10 min solo","130","8000000","12400000","16800000","350","40","500000","1500","8000","1200","3200","900","1100","900","400","350","25","15","75","20","44","360","25","Funereal March","move","Funereal March - the march marks your ground; move 8 yalms!","Move at least 8 yalms from the position where the tell began.","5","25","PARALYSIS","8","The march tramples your focus.","The procession passes by.","10s vulnerability: DEF -400, EVA -150, MDEF -50; also removes one escalation stack.","Funereal March","move","At 70%: Funereal March - the march marks your ground; move 8 yalms!","Move at least 8 yalms from the position where the tell began.","5","25","PARALYSIS","8","The march tramples your focus.","The procession passes by.","10s vulnerability: DEF -400, EVA -150, MDEF -50; also removes one escalation stack.","Funereal March - Reversal 1","rear","Final test at 30%: Funereal March - Reversal 1 - the marked path turns forward; reach the rear!","Move behind the boss (default safe rear arc is approximately 48 degrees).","4","30","PARALYSIS","8","The march tramples your focus.","The procession passes by.","14s vulnerability: DEF -400, EVA -150, MDEF -50; also removes one escalation stack.","ATT +1000; MATT +400","ATT +350; MATT +110; Haste +0.25%","Only the player who popped the NM is checked; Trust actions do not fail hold-fire tests.","Red removes one escalation stack; Yellow suppresses spells and opens magic vulnerability; Blue suppresses TP moves and opens physical vulnerability.","First logical clear refunds half pop cost. 2+ real PCs: x2 Gil/Infamy. No Trusts: x1.5. Bonuses stack to x3.","funerealapkallu"
"Manohra","Abyssea - Misareaux","2","Scars","Intermediate","No","Standard Scars encounter: repeating signature, same test at 70%, reversed test at 30%.","Relic plus one Atma slot","7-10 min solo","130","8000000","12400000","16800000","350","40","500000","1500","8000","1200","3200","900","1100","900","400","350","25","15","75","20","44","360","25","Razor Plume","turn","Razor Plume - plumes flash like mirrors; turn away!","Turn away; the owner must not be facing the boss when the check resolves.","5","25","BLINDNESS","8","The flash blinds you.","The plume loses its mark.","10s vulnerability: DEF -400, EVA -150, MDEF -50; also removes one escalation stack.","Razor Plume","turn","At 70%: Razor Plume - plumes flash like mirrors; turn away!","Turn away; the owner must not be facing the boss when the check resolves.","5","25","BLINDNESS","8","The flash blinds you.","The plume loses its mark.","10s vulnerability: DEF -400, EVA -150, MDEF -50; also removes one escalation stack.","Razor Plume - Reversal 1","move","Final test at 30%: Razor Plume - Reversal 1 - the pattern reverses; move at least 9 yalms!","Move at least 9 yalms from the position where the tell began.","4","30","BLINDNESS","8","The flash blinds you.","The plume loses its mark.","14s vulnerability: DEF -400, EVA -150, MDEF -50; also removes one escalation stack.","ATT +1000; MATT +400","ATT +350; MATT +110; Haste +0.25%","Only the player who popped the NM is checked; Trust actions do not fail hold-fire tests.","Red removes one escalation stack; Yellow suppresses spells and opens magic vulnerability; Blue suppresses TP moves and opens physical vulnerability.","First logical clear refunds half pop cost. 2+ real PCs: x2 Gil/Infamy. No Trusts: x1.5. Bonuses stack to x3.","manohra"
"Cep-Kamuy","Abyssea - Misareaux","2","Scars","Intermediate","No","Standard Scars encounter: repeating signature, same test at 70%, reversed test at 30%.","Relic plus one Atma slot","7-10 min solo","130","8000000","12400000","16800000","350","40","500000","1500","8000","1200","3200","900","1100","900","400","350","25","15","75","20","44","360","25","Kamuy Coil","near","Kamuy Coil - the coil strikes at range; close within 5 yalms!","Move within 5 yalms of the boss.","5","25","SLOW","8","The coil lashes through you.","You crowd the striking arc.","10s vulnerability: DEF -400, EVA -150, MDEF -50; also removes one escalation stack.","Kamuy Coil","near","At 70%: Kamuy Coil - the coil strikes at range; close within 5 yalms!","Move within 5 yalms of the boss.","5","25","SLOW","8","The coil lashes through you.","You crowd the striking arc.","10s vulnerability: DEF -400, EVA -150, MDEF -50; also removes one escalation stack.","Kamuy Coil - Reversal 1","move","Final test at 30%: Kamuy Coil - Reversal 1 - the safe center shifts; move at least 9 yalms!","Move at least 9 yalms from the position where the tell began.","4","30","SLOW","8","The coil lashes through you.","You crowd the striking arc.","14s vulnerability: DEF -400, EVA -150, MDEF -50; also removes one escalation stack.","ATT +1000; MATT +400","ATT +350; MATT +110; Haste +0.25%","Only the player who popped the NM is checked; Trust actions do not fail hold-fire tests.","Red removes one escalation stack; Yellow suppresses spells and opens magic vulnerability; Blue suppresses TP moves and opens physical vulnerability.","First logical clear refunds half pop cost. 2+ real PCs: x2 Gil/Infamy. No Trusts: x1.5. Bonuses stack to x3.","cepkamuy"
"Ironclad Observer","Abyssea - Misareaux","2","Scars","Intermediate","No","Standard Scars encounter: repeating signature, same test at 70%, reversed test at 30%.","Relic plus one Atma slot","7-10 min solo","130","8000000","12400000","16800000","350","40","500000","1500","8000","1200","3200","900","1100","900","400","350","25","15","75","20","44","360","25","Observer Lock","move","Observer Lock - a targeting lattice fixes your position; move 10 yalms!","Move at least 10 yalms from the position where the tell began.","5","25","SILENCE","8","The observer cannon finds you.","The lattice loses lock.","10s vulnerability: DEF -400, EVA -150, MDEF -50; also removes one escalation stack.","Observer Lock","move","At 70%: Observer Lock - a targeting lattice fixes your position; move 10 yalms!","Move at least 10 yalms from the position where the tell began.","5","25","SILENCE","8","The observer cannon finds you.","The lattice loses lock.","10s vulnerability: DEF -400, EVA -150, MDEF -50; also removes one escalation stack.","Observer Lock - Reversal 1","rear","Final test at 30%: Observer Lock - Reversal 1 - the marked path turns forward; reach the rear!","Move behind the boss (default safe rear arc is approximately 48 degrees).","4","30","SILENCE","8","The observer cannon finds you.","The lattice loses lock.","14s vulnerability: DEF -400, EVA -150, MDEF -50; also removes one escalation stack.","ATT +1000; MATT +400","ATT +350; MATT +110; Haste +0.25%","Only the player who popped the NM is checked; Trust actions do not fail hold-fire tests.","Red removes one escalation stack; Yellow suppresses spells and opens magic vulnerability; Blue suppresses TP moves and opens physical vulnerability.","First logical clear refunds half pop cost. 2+ real PCs: x2 Gil/Infamy. No Trusts: x1.5. Bonuses stack to x3.","ironcladobserver"
"Nehebkau","Abyssea - Misareaux","2","Scars","Intermediate","No","Standard Scars encounter: repeating signature, same test at 70%, reversed test at 30%.","Relic plus one Atma slot","7-10 min solo","130","8000000","12400000","16800000","350","40","500000","1500","8000","1200","3200","900","1100","900","400","350","25","15","75","20","44","360","25","Serpent Compass","rear","Serpent Compass - its neck fixes forward; circle behind!","Move behind the boss (default safe rear arc is approximately 48 degrees).","5","25","PLAGUE","8","The fangs find their line.","The serpent overextends.","10s vulnerability: DEF -400, EVA -150, MDEF -50; also removes one escalation stack.","Serpent Compass","rear","At 70%: Serpent Compass - its neck fixes forward; circle behind!","Move behind the boss (default safe rear arc is approximately 48 degrees).","5","25","PLAGUE","8","The fangs find their line.","The serpent overextends.","10s vulnerability: DEF -400, EVA -150, MDEF -50; also removes one escalation stack.","Serpent Compass - Reversal 1","far","Final test at 30%: Serpent Compass - Reversal 1 - the rear erupts; retreat beyond 13 yalms!","Move at least 13 yalms from the boss.","4","30","PLAGUE","8","The fangs find their line.","The serpent overextends.","14s vulnerability: DEF -400, EVA -150, MDEF -50; also removes one escalation stack.","ATT +1000; MATT +400","ATT +350; MATT +110; Haste +0.25%","Only the player who popped the NM is checked; Trust actions do not fail hold-fire tests.","Red removes one escalation stack; Yellow suppresses spells and opens magic vulnerability; Blue suppresses TP moves and opens physical vulnerability.","First logical clear refunds half pop cost. 2+ real PCs: x2 Gil/Infamy. No Trusts: x1.5. Bonuses stack to x3.","nehebkau"
"Avalerion","Abyssea - Misareaux","2","Scars","Intermediate","No","Standard Scars encounter: repeating signature, same test at 70%, reversed test at 30%.","Relic plus one Atma slot","7-10 min solo","130","8000000","12400000","16800000","350","40","500000","1500","8000","1200","3200","900","1100","900","400","350","25","15","75","20","44","360","25","Avalanche Wing","far","Avalanche Wing - the wings drive a pressure front; retreat 12 yalms!","Move at least 12 yalms from the boss.","5","25","AMNESIA","8","The pressure buries you.","The front breaks short.","10s vulnerability: DEF -400, EVA -150, MDEF -50; also removes one escalation stack.","Avalanche Wing","far","At 70%: Avalanche Wing - the wings drive a pressure front; retreat 12 yalms!","Move at least 12 yalms from the boss.","5","25","AMNESIA","8","The pressure buries you.","The front breaks short.","10s vulnerability: DEF -400, EVA -150, MDEF -50; also removes one escalation stack.","Avalanche Wing - Reversal 1","near","Final test at 30%: Avalanche Wing - Reversal 1 - the outer ring closes; move within 6 yalms!","Move within 6 yalms of the boss.","4","30","AMNESIA","8","The pressure buries you.","The front breaks short.","14s vulnerability: DEF -400, EVA -150, MDEF -50; also removes one escalation stack.","ATT +1000; MATT +400","ATT +350; MATT +110; Haste +0.25%","Only the player who popped the NM is checked; Trust actions do not fail hold-fire tests.","Red removes one escalation stack; Yellow suppresses spells and opens magic vulnerability; Blue suppresses TP moves and opens physical vulnerability.","First logical clear refunds half pop cost. 2+ real PCs: x2 Gil/Infamy. No Trusts: x1.5. Bonuses stack to x3.","avalerion"
"Karkatakam","Abyssea - Misareaux","2","Scars","Intermediate","No","Standard Scars encounter: repeating signature, same test at 70%, reversed test at 30%.","Relic plus one Atma slot","7-10 min solo","130","8000000","12400000","16800000","350","40","500000","1500","8000","1200","3200","900","1100","900","400","350","25","15","75","20","44","360","25","Carapace Vice","burst","Carapace Vice - the shell closes; deal 4% HP to jam it!","Deal 4% of maximum HP before the check: 320,000 solo / 496,000 with 2 PCs / 672,000 with 3+ PCs.","5","25","POISON","8","The shell seals its weakness.","The carapace remains open.","10s vulnerability: DEF -400, EVA -150, MDEF -50; also removes one escalation stack.","Carapace Vice","burst","At 70%: Carapace Vice - the shell closes; deal 4% HP to jam it!","Deal 4% of maximum HP before the check: 320,000 solo / 496,000 with 2 PCs / 672,000 with 3+ PCs.","5","25","POISON","8","The shell seals its weakness.","The carapace remains open.","10s vulnerability: DEF -400, EVA -150, MDEF -50; also removes one escalation stack.","Carapace Vice - Reversal 1","far","Final test at 30%: Carapace Vice - Reversal 1 - the broken ward erupts outward; retreat beyond 13 yalms!","Move at least 13 yalms from the boss.","4","30","POISON","8","The shell seals its weakness.","The carapace remains open.","14s vulnerability: DEF -400, EVA -150, MDEF -50; also removes one escalation stack.","ATT +1000; MATT +400","ATT +350; MATT +110; Haste +0.25%","Only the player who popped the NM is checked; Trust actions do not fail hold-fire tests.","Red removes one escalation stack; Yellow suppresses spells and opens magic vulnerability; Blue suppresses TP moves and opens physical vulnerability.","First logical clear refunds half pop cost. 2+ real PCs: x2 Gil/Infamy. No Trusts: x1.5. Bonuses stack to x3.","karkatakam"
"Nonno","Abyssea - Misareaux","2","Scars","Intermediate","No","Standard Scars encounter: repeating signature, same test at 70%, reversed test at 30%.","Relic plus one Atma slot","7-10 min solo","130","8000000","12400000","16800000","350","40","500000","1500","8000","1200","3200","900","1100","900","400","350","25","15","75","20","44","360","25","False Slumber","hold","False Slumber - it feigns sleep and waits to counter; pause!","Stop all owner damage: disengage/turn, do not weapon skill, and let the window expire.","5","25","PARALYSIS","8","The waking counter catches you.","The feint expires.","10s vulnerability: DEF -400, EVA -150, MDEF -50; also removes one escalation stack.","False Slumber","hold","At 70%: False Slumber - it feigns sleep and waits to counter; pause!","Stop all owner damage: disengage/turn, do not weapon skill, and let the window expire.","5","25","PARALYSIS","8","The waking counter catches you.","The feint expires.","10s vulnerability: DEF -400, EVA -150, MDEF -50; also removes one escalation stack.","False Slumber - Reversal 1","burst","Final test at 30%: False Slumber - Reversal 1 - the restraint breaks; deal 4% HP before it reforms!","Deal 4% of maximum HP before the check: 320,000 solo / 496,000 with 2 PCs / 672,000 with 3+ PCs.","4","30","PARALYSIS","8","The waking counter catches you.","The feint expires.","14s vulnerability: DEF -400, EVA -150, MDEF -50; also removes one escalation stack.","ATT +1000; MATT +400","ATT +350; MATT +110; Haste +0.25%","Only the player who popped the NM is checked; Trust actions do not fail hold-fire tests.","Red removes one escalation stack; Yellow suppresses spells and opens magic vulnerability; Blue suppresses TP moves and opens physical vulnerability.","First logical clear refunds half pop cost. 2+ real PCs: x2 Gil/Infamy. No Trusts: x1.5. Bonuses stack to x3.","nonno"
"Tuskertrap","Abyssea - Misareaux","2","Scars","Intermediate","No","Standard Scars encounter: repeating signature, same test at 70%, reversed test at 30%.","Relic plus one Atma slot","7-10 min solo","130","8000000","12400000","16800000","350","40","500000","1500","8000","1200","3200","900","1100","900","400","350","25","15","75","20","44","360","25","Tusker Snare","move","Tusker Snare - the trap roots beneath you; move 9 yalms!","Move at least 9 yalms from the position where the tell began.","5","25","BLINDNESS","8","The tusks lock around you.","The snare closes empty.","10s vulnerability: DEF -400, EVA -150, MDEF -50; also removes one escalation stack.","Tusker Snare","move","At 70%: Tusker Snare - the trap roots beneath you; move 9 yalms!","Move at least 9 yalms from the position where the tell began.","5","25","BLINDNESS","8","The tusks lock around you.","The snare closes empty.","10s vulnerability: DEF -400, EVA -150, MDEF -50; also removes one escalation stack.","Tusker Snare - Reversal 1","rear","Final test at 30%: Tusker Snare - Reversal 1 - the marked path turns forward; reach the rear!","Move behind the boss (default safe rear arc is approximately 48 degrees).","4","30","BLINDNESS","8","The tusks lock around you.","The snare closes empty.","14s vulnerability: DEF -400, EVA -150, MDEF -50; also removes one escalation stack.","ATT +1000; MATT +400","ATT +350; MATT +110; Haste +0.25%","Only the player who popped the NM is checked; Trust actions do not fail hold-fire tests.","Red removes one escalation stack; Yellow suppresses spells and opens magic vulnerability; Blue suppresses TP moves and opens physical vulnerability.","First logical clear refunds half pop cost. 2+ real PCs: x2 Gil/Infamy. No Trusts: x1.5. Bonuses stack to x3.","tuskertrap"
"Npfundlwa","Abyssea - Misareaux","2","Scars","Intermediate","No","Standard Scars encounter: repeating signature, same test at 70%, reversed test at 30%.","Relic plus one Atma slot","7-10 min solo","130","8000000","12400000","16800000","350","40","500000","1500","8000","1200","3200","900","1100","900","400","350","25","15","75","20","44","360","25","Hareline Feint","face","Hareline Feint - it darts for your blind side; keep facing it!","Face the boss when the check resolves.","5","25","SLOW","8","The feint tears through your flank.","You catch the feint.","10s vulnerability: DEF -400, EVA -150, MDEF -50; also removes one escalation stack.","Hareline Feint","face","At 70%: Hareline Feint - it darts for your blind side; keep facing it!","Face the boss when the check resolves.","5","25","SLOW","8","The feint tears through your flank.","You catch the feint.","10s vulnerability: DEF -400, EVA -150, MDEF -50; also removes one escalation stack.","Hareline Feint - Reversal 1","hold","Final test at 30%: Hareline Feint - Reversal 1 - the pattern mirrors aggression; cease attacks!","Stop all owner damage: disengage/turn, do not weapon skill, and let the window expire.","4","30","SLOW","8","The feint tears through your flank.","You catch the feint.","14s vulnerability: DEF -400, EVA -150, MDEF -50; also removes one escalation stack.","ATT +1000; MATT +400","ATT +350; MATT +110; Haste +0.25%","Only the player who popped the NM is checked; Trust actions do not fail hold-fire tests.","Red removes one escalation stack; Yellow suppresses spells and opens magic vulnerability; Blue suppresses TP moves and opens physical vulnerability.","First logical clear refunds half pop cost. 2+ real PCs: x2 Gil/Infamy. No Trusts: x1.5. Bonuses stack to x3.","npfundlwa"
"Amhuluk","Abyssea - Misareaux","2","Scars","Intermediate","Yes","Flagship encounter: repeats its signature, repeats it at 70%, then changes to a bespoke climax at 30%.","Relic plus one Atma slot","7-10 min solo","130","8000000","12400000","16800000","350","40","500000","1500","8000","1200","3200","900","1100","900","400","350","25","15","75","20","44","360","25","Calamitous Wind","near","Calamitous Wind - the wind expands outward; close within 6 yalms!","Move within 6 yalms of the boss.","5","25","SILENCE","8","The gale strips your momentum.","You stand inside the pressure edge.","10s vulnerability: DEF -400, EVA -150, MDEF -50; also removes one escalation stack.","Calamitous Wind","near","At 70%: Calamitous Wind - the wind expands outward; close within 6 yalms!","Move within 6 yalms of the boss.","5","25","SILENCE","8","The gale strips your momentum.","You stand inside the pressure edge.","10s vulnerability: DEF -400, EVA -150, MDEF -50; also removes one escalation stack.","Vermillion Chain","move","Final test at 30%: Vermillion Chain - a second wind marks your ground; move 11 yalms!","Move at least 11 yalms from the position where the tell began.","4","30","TERROR","5","Two winds collide on you.","The repeated gust misses.","14s vulnerability: DEF -400, EVA -150, MDEF -50; also removes one escalation stack.","ATT +1000; MATT +400","ATT +350; MATT +110; Haste +0.25%","Only the player who popped the NM is checked; Trust actions do not fail hold-fire tests.","Red removes one escalation stack; Yellow suppresses spells and opens magic vulnerability; Blue suppresses TP moves and opens physical vulnerability.","First logical clear refunds half pop cost. 2+ real PCs: x2 Gil/Infamy. No Trusts: x1.5. Bonuses stack to x3.","amhuluk"
"Cirein-croin","Abyssea - Misareaux","2","Scars","Intermediate","Yes","Flagship encounter: repeats its signature, repeats it at 70%, then changes to a bespoke climax at 30%.","Relic plus one Atma slot","7-10 min solo","130","8000000","12400000","16800000","350","40","500000","1500","8000","1200","3200","900","1100","900","400","350","25","15","75","20","44","360","25","Mayhem Lantern","burst","Mayhem Lantern - the lantern swells; deal 4% HP to dim it!","Deal 4% of maximum HP before the check: 320,000 solo / 496,000 with 2 PCs / 672,000 with 3+ PCs.","5","25","TERROR","5","Mayhem floods your senses.","The lantern dims and exposes the body.","10s vulnerability: DEF -400, EVA -150, MDEF -50; also removes one escalation stack.","Mayhem Lantern","burst","At 70%: Mayhem Lantern - the lantern swells; deal 4% HP to dim it!","Deal 4% of maximum HP before the check: 320,000 solo / 496,000 with 2 PCs / 672,000 with 3+ PCs.","5","25","TERROR","5","Mayhem floods your senses.","The lantern dims and exposes the body.","10s vulnerability: DEF -400, EVA -150, MDEF -50; also removes one escalation stack.","Lantern Shock","turn","Final test at 30%: Lantern Shock - the lantern strobes; turn away!","Turn away; the owner must not be facing the boss when the check resolves.","4","30","PARALYSIS","8","Shock and confusion seize you.","The strobe passes harmlessly.","14s vulnerability: DEF -400, EVA -150, MDEF -50; also removes one escalation stack.","ATT +1000; MATT +400","ATT +350; MATT +110; Haste +0.25%","Only the player who popped the NM is checked; Trust actions do not fail hold-fire tests.","Red removes one escalation stack; Yellow suppresses spells and opens magic vulnerability; Blue suppresses TP moves and opens physical vulnerability.","First logical clear refunds half pop cost. 2+ real PCs: x2 Gil/Infamy. No Trusts: x1.5. Bonuses stack to x3.","cireincroin"
"Sobek","Abyssea - Misareaux","2","Scars","Intermediate","Yes","Flagship encounter: repeats its signature, repeats it at 70%, then changes to a bespoke climax at 30%.","Relic plus one Atma slot","7-10 min solo","130","8000000","12400000","16800000","350","40","500000","1500","8000","1200","3200","900","1100","900","400","350","25","15","75","20","44","360","25","Tyrant Tusk","highhp","Tyrant Tusk - the tusk executes the wounded; recover above 60% HP!","Heal the fight owner to at least 60% HP.","5","25","CURSE_I","8","The tusk finds you weakened.","Your vitality blunts the execution.","10s vulnerability: DEF -400, EVA -150, MDEF -50; also removes one escalation stack.","Tyrant Tusk","highhp","At 70%: Tyrant Tusk - the tusk executes the wounded; recover above 60% HP!","Heal the fight owner to at least 60% HP.","5","25","CURSE_I","8","The tusk finds you weakened.","Your vitality blunts the execution.","10s vulnerability: DEF -400, EVA -150, MDEF -50; also removes one escalation stack.","Awful Eye","turn","Final test at 30%: Awful Eye - the eye opens; turn away from petrification!","Turn away; the owner must not be facing the boss when the check resolves.","4","30","PETRIFICATION","6","The eye petrifies you.","The gaze misses and Sobek loses hate.","14s vulnerability: DEF -400, EVA -150, MDEF -50; also removes one escalation stack.","ATT +1000; MATT +400","ATT +350; MATT +110; Haste +0.25%","Only the player who popped the NM is checked; Trust actions do not fail hold-fire tests.","Red removes one escalation stack; Yellow suppresses spells and opens magic vulnerability; Blue suppresses TP moves and opens physical vulnerability.","First logical clear refunds half pop cost. 2+ real PCs: x2 Gil/Infamy. No Trusts: x1.5. Bonuses stack to x3.","sobek"
"Ironclad Pulverizer","Abyssea - Misareaux","2","Scars","Intermediate","Yes","Flagship encounter: repeats its signature, repeats it at 70%, then changes to a bespoke climax at 30%.","Relic plus one Atma slot","7-10 min solo","130","8000000","12400000","16800000","350","40","500000","1500","8000","1200","3200","900","1100","900","400","350","25","15","75","20","44","360","25","Pulverizing Lock","move","Pulverizing Lock - the cannon fixes your coordinates; move 10 yalms!","Move at least 10 yalms from the position where the tell began.","5","25","AMNESIA","8","The cannon crushes your guard.","The shot pulverizes empty ground.","10s vulnerability: DEF -400, EVA -150, MDEF -50; also removes one escalation stack.","Pulverizing Lock","move","At 70%: Pulverizing Lock - the cannon fixes your coordinates; move 10 yalms!","Move at least 10 yalms from the position where the tell began.","5","25","AMNESIA","8","The cannon crushes your guard.","The shot pulverizes empty ground.","10s vulnerability: DEF -400, EVA -150, MDEF -50; also removes one escalation stack.","Ironclad Overheat","hold","Final test at 30%: Ironclad Overheat - its armor glows white; cease attacks!","Stop all owner damage: disengage/turn, do not weapon skill, and let the window expire.","4","30","PLAGUE","8","Your attack detonates the plates.","The heat vents through cracked plates.","14s vulnerability: DEF -400, EVA -150, MDEF -50; also removes one escalation stack.","ATT +1000; MATT +400","ATT +350; MATT +110; Haste +0.25%","Only the player who popped the NM is checked; Trust actions do not fail hold-fire tests.","Red removes one escalation stack; Yellow suppresses spells and opens magic vulnerability; Blue suppresses TP moves and opens physical vulnerability.","First logical clear refunds half pop cost. 2+ real PCs: x2 Gil/Infamy. No Trusts: x1.5. Bonuses stack to x3.","ironcladpulverizer"
"Khalkotaur","Abyssea - Vunkerl","2","Scars","Intermediate","No","Standard Scars encounter: repeating signature, same test at 70%, reversed test at 30%.","Relic plus one Atma slot","7-10 min solo","130","8000000","12400000","16800000","350","40","500000","1500","8000","1200","3200","900","1100","900","400","350","25","15","75","20","44","360","25","Bull-Head Feint","rear","Bull-Head Feint - the horns commit forward; reach the rear!","Move behind the boss (default safe rear arc is approximately 48 degrees).","5","25","PARALYSIS","8","The horns catch you.","The bull crashes past.","10s vulnerability: DEF -400, EVA -150, MDEF -50; also removes one escalation stack.","Bull-Head Feint","rear","At 70%: Bull-Head Feint - the horns commit forward; reach the rear!","Move behind the boss (default safe rear arc is approximately 48 degrees).","5","25","PARALYSIS","8","The horns catch you.","The bull crashes past.","10s vulnerability: DEF -400, EVA -150, MDEF -50; also removes one escalation stack.","Bull-Head Feint - Reversal 1","far","Final test at 30%: Bull-Head Feint - Reversal 1 - the rear erupts; retreat beyond 13 yalms!","Move at least 13 yalms from the boss.","4","30","PARALYSIS","8","The horns catch you.","The bull crashes past.","14s vulnerability: DEF -400, EVA -150, MDEF -50; also removes one escalation stack.","ATT +1000; MATT +400","ATT +350; MATT +110; Haste +0.25%","Only the player who popped the NM is checked; Trust actions do not fail hold-fire tests.","Red removes one escalation stack; Yellow suppresses spells and opens magic vulnerability; Blue suppresses TP moves and opens physical vulnerability.","First logical clear refunds half pop cost. 2+ real PCs: x2 Gil/Infamy. No Trusts: x1.5. Bonuses stack to x3.","khalkotaur"
"Quasimodo","Abyssea - Vunkerl","2","Scars","Intermediate","No","Standard Scars encounter: repeating signature, same test at 70%, reversed test at 30%.","Relic plus one Atma slot","7-10 min solo","130","8000000","12400000","16800000","350","40","500000","1500","8000","1200","3200","900","1100","900","400","350","25","15","75","20","44","360","25","Crooked Toll","face","Crooked Toll - the bell demands your gaze; face it!","Face the boss when the check resolves.","5","25","BLINDNESS","8","The toll bends your senses.","The crooked rhythm breaks.","10s vulnerability: DEF -400, EVA -150, MDEF -50; also removes one escalation stack.","Crooked Toll","face","At 70%: Crooked Toll - the bell demands your gaze; face it!","Face the boss when the check resolves.","5","25","BLINDNESS","8","The toll bends your senses.","The crooked rhythm breaks.","10s vulnerability: DEF -400, EVA -150, MDEF -50; also removes one escalation stack.","Crooked Toll - Reversal 1","hold","Final test at 30%: Crooked Toll - Reversal 1 - the pattern mirrors aggression; cease attacks!","Stop all owner damage: disengage/turn, do not weapon skill, and let the window expire.","4","30","BLINDNESS","8","The toll bends your senses.","The crooked rhythm breaks.","14s vulnerability: DEF -400, EVA -150, MDEF -50; also removes one escalation stack.","ATT +1000; MATT +400","ATT +350; MATT +110; Haste +0.25%","Only the player who popped the NM is checked; Trust actions do not fail hold-fire tests.","Red removes one escalation stack; Yellow suppresses spells and opens magic vulnerability; Blue suppresses TP moves and opens physical vulnerability.","First logical clear refunds half pop cost. 2+ real PCs: x2 Gil/Infamy. No Trusts: x1.5. Bonuses stack to x3.","quasimodo"
"Iku-Turso","Abyssea - Vunkerl","2","Scars","Intermediate","No","Standard Scars encounter: repeating signature, same test at 70%, reversed test at 30%.","Relic plus one Atma slot","7-10 min solo","130","8000000","12400000","16800000","350","40","500000","1500","8000","1200","3200","900","1100","900","400","350","25","15","75","20","44","360","25","Turso Undertow","far","Turso Undertow - an undertow gathers; retreat 13 yalms!","Move at least 13 yalms from the boss.","5","25","SLOW","8","The undertow drags at your life.","The current falls short.","10s vulnerability: DEF -400, EVA -150, MDEF -50; also removes one escalation stack.","Turso Undertow","far","At 70%: Turso Undertow - an undertow gathers; retreat 13 yalms!","Move at least 13 yalms from the boss.","5","25","SLOW","8","The undertow drags at your life.","The current falls short.","10s vulnerability: DEF -400, EVA -150, MDEF -50; also removes one escalation stack.","Turso Undertow - Reversal 1","near","Final test at 30%: Turso Undertow - Reversal 1 - the outer ring closes; move within 6 yalms!","Move within 6 yalms of the boss.","4","30","SLOW","8","The undertow drags at your life.","The current falls short.","14s vulnerability: DEF -400, EVA -150, MDEF -50; also removes one escalation stack.","ATT +1000; MATT +400","ATT +350; MATT +110; Haste +0.25%","Only the player who popped the NM is checked; Trust actions do not fail hold-fire tests.","Red removes one escalation stack; Yellow suppresses spells and opens magic vulnerability; Blue suppresses TP moves and opens physical vulnerability.","First logical clear refunds half pop cost. 2+ real PCs: x2 Gil/Infamy. No Trusts: x1.5. Bonuses stack to x3.","ikuturso"
"Kadraeth the Hatespawn","Abyssea - Vunkerl","2","Scars","Intermediate","No","Standard Scars encounter: repeating signature, same test at 70%, reversed test at 30%.","Relic plus one Atma slot","7-10 min solo","130","8000000","12400000","16800000","350","40","500000","1500","8000","1200","3200","900","1100","900","400","350","25","15","75","20","44","360","25","Hate Mirror","hold","Hate Mirror - it mirrors hostility; cease attacks!","Stop all owner damage: disengage/turn, do not weapon skill, and let the window expire.","5","25","SILENCE","8","Your hostility returns amplified.","The mirror clouds over.","10s vulnerability: DEF -400, EVA -150, MDEF -50; also removes one escalation stack.","Hate Mirror","hold","At 70%: Hate Mirror - it mirrors hostility; cease attacks!","Stop all owner damage: disengage/turn, do not weapon skill, and let the window expire.","5","25","SILENCE","8","Your hostility returns amplified.","The mirror clouds over.","10s vulnerability: DEF -400, EVA -150, MDEF -50; also removes one escalation stack.","Hate Mirror - Reversal 1","burst","Final test at 30%: Hate Mirror - Reversal 1 - the restraint breaks; deal 4% HP before it reforms!","Deal 4% of maximum HP before the check: 320,000 solo / 496,000 with 2 PCs / 672,000 with 3+ PCs.","4","30","SILENCE","8","Your hostility returns amplified.","The mirror clouds over.","14s vulnerability: DEF -400, EVA -150, MDEF -50; also removes one escalation stack.","ATT +1000; MATT +400","ATT +350; MATT +110; Haste +0.25%","Only the player who popped the NM is checked; Trust actions do not fail hold-fire tests.","Red removes one escalation stack; Yellow suppresses spells and opens magic vulnerability; Blue suppresses TP moves and opens physical vulnerability.","First logical clear refunds half pop cost. 2+ real PCs: x2 Gil/Infamy. No Trusts: x1.5. Bonuses stack to x3.","kadraeththehatespawn"
"Dvalinn","Abyssea - Vunkerl","2","Scars","Intermediate","No","Standard Scars encounter: repeating signature, same test at 70%, reversed test at 30%.","Relic plus one Atma slot","7-10 min solo","130","8000000","12400000","16800000","350","40","500000","1500","8000","1200","3200","900","1100","900","400","350","25","15","75","20","44","360","25","Dvergr Measure","weaponskill","Dvergr Measure - the rune demands a decisive weapon skill!","The fight owner must use any weapon skill during the window.","5","25","PLAGUE","8","The rune completes its curse.","The measured rune fractures.","10s vulnerability: DEF -400, EVA -150, MDEF -50; also removes one escalation stack.","Dvergr Measure","weaponskill","At 70%: Dvergr Measure - the rune demands a decisive weapon skill!","The fight owner must use any weapon skill during the window.","5","25","PLAGUE","8","The rune completes its curse.","The measured rune fractures.","10s vulnerability: DEF -400, EVA -150, MDEF -50; also removes one escalation stack.","Dvergr Measure - Reversal 1","far","Final test at 30%: Dvergr Measure - Reversal 1 - the answer detonates outward; retreat beyond 13 yalms!","Move at least 13 yalms from the boss.","4","30","PLAGUE","8","The rune completes its curse.","The measured rune fractures.","14s vulnerability: DEF -400, EVA -150, MDEF -50; also removes one escalation stack.","ATT +1000; MATT +400","ATT +350; MATT +110; Haste +0.25%","Only the player who popped the NM is checked; Trust actions do not fail hold-fire tests.","Red removes one escalation stack; Yellow suppresses spells and opens magic vulnerability; Blue suppresses TP moves and opens physical vulnerability.","First logical clear refunds half pop cost. 2+ real PCs: x2 Gil/Infamy. No Trusts: x1.5. Bonuses stack to x3.","dvalinn"
"Rakshas","Abyssea - Vunkerl","2","Scars","Intermediate","No","Standard Scars encounter: repeating signature, same test at 70%, reversed test at 30%.","Relic plus one Atma slot","7-10 min solo","130","8000000","12400000","16800000","350","40","500000","1500","8000","1200","3200","900","1100","900","400","350","25","15","75","20","44","360","25","Rakshas Pounce","near","Rakshas Pounce - it coils for a distant pounce; close within 5 yalms!","Move within 5 yalms of the boss.","5","25","AMNESIA","8","The pounce mauls you.","The pounce has no room.","10s vulnerability: DEF -400, EVA -150, MDEF -50; also removes one escalation stack.","Rakshas Pounce","near","At 70%: Rakshas Pounce - it coils for a distant pounce; close within 5 yalms!","Move within 5 yalms of the boss.","5","25","AMNESIA","8","The pounce mauls you.","The pounce has no room.","10s vulnerability: DEF -400, EVA -150, MDEF -50; also removes one escalation stack.","Rakshas Pounce - Reversal 1","move","Final test at 30%: Rakshas Pounce - Reversal 1 - the safe center shifts; move at least 9 yalms!","Move at least 9 yalms from the position where the tell began.","4","30","AMNESIA","8","The pounce mauls you.","The pounce has no room.","14s vulnerability: DEF -400, EVA -150, MDEF -50; also removes one escalation stack.","ATT +1000; MATT +400","ATT +350; MATT +110; Haste +0.25%","Only the player who popped the NM is checked; Trust actions do not fail hold-fire tests.","Red removes one escalation stack; Yellow suppresses spells and opens magic vulnerability; Blue suppresses TP moves and opens physical vulnerability.","First logical clear refunds half pop cost. 2+ real PCs: x2 Gil/Infamy. No Trusts: x1.5. Bonuses stack to x3.","rakshas"
"Seps","Abyssea - Vunkerl","2","Scars","Intermediate","No","Standard Scars encounter: repeating signature, same test at 70%, reversed test at 30%.","Relic plus one Atma slot","7-10 min solo","130","8000000","12400000","16800000","350","40","500000","1500","8000","1200","3200","900","1100","900","400","350","25","15","75","20","44","360","25","Venom Line","move","Venom Line - venom traces your position; move 9 yalms!","Move at least 9 yalms from the position where the tell began.","5","25","POISON","8","The venom line bursts beneath you.","The venom erupts behind you.","10s vulnerability: DEF -400, EVA -150, MDEF -50; also removes one escalation stack.","Venom Line","move","At 70%: Venom Line - venom traces your position; move 9 yalms!","Move at least 9 yalms from the position where the tell began.","5","25","POISON","8","The venom line bursts beneath you.","The venom erupts behind you.","10s vulnerability: DEF -400, EVA -150, MDEF -50; also removes one escalation stack.","Venom Line - Reversal 1","rear","Final test at 30%: Venom Line - Reversal 1 - the marked path turns forward; reach the rear!","Move behind the boss (default safe rear arc is approximately 48 degrees).","4","30","POISON","8","The venom line bursts beneath you.","The venom erupts behind you.","14s vulnerability: DEF -400, EVA -150, MDEF -50; also removes one escalation stack.","ATT +1000; MATT +400","ATT +350; MATT +110; Haste +0.25%","Only the player who popped the NM is checked; Trust actions do not fail hold-fire tests.","Red removes one escalation stack; Yellow suppresses spells and opens magic vulnerability; Blue suppresses TP moves and opens physical vulnerability.","First logical clear refunds half pop cost. 2+ real PCs: x2 Gil/Infamy. No Trusts: x1.5. Bonuses stack to x3.","seps"
"Xan","Abyssea - Vunkerl","2","Scars","Intermediate","No","Standard Scars encounter: repeating signature, same test at 70%, reversed test at 30%.","Relic plus one Atma slot","7-10 min solo","130","8000000","12400000","16800000","350","40","500000","1500","8000","1200","3200","900","1100","900","400","350","25","15","75","20","44","360","25","Vanishing Point","turn","Vanishing Point - its outline flashes; turn away!","Turn away; the owner must not be facing the boss when the check resolves.","5","25","PARALYSIS","8","The flash steals your bearing.","The false point fades.","10s vulnerability: DEF -400, EVA -150, MDEF -50; also removes one escalation stack.","Vanishing Point","turn","At 70%: Vanishing Point - its outline flashes; turn away!","Turn away; the owner must not be facing the boss when the check resolves.","5","25","PARALYSIS","8","The flash steals your bearing.","The false point fades.","10s vulnerability: DEF -400, EVA -150, MDEF -50; also removes one escalation stack.","Vanishing Point - Reversal 1","move","Final test at 30%: Vanishing Point - Reversal 1 - the pattern reverses; move at least 9 yalms!","Move at least 9 yalms from the position where the tell began.","4","30","PARALYSIS","8","The flash steals your bearing.","The false point fades.","14s vulnerability: DEF -400, EVA -150, MDEF -50; also removes one escalation stack.","ATT +1000; MATT +400","ATT +350; MATT +110; Haste +0.25%","Only the player who popped the NM is checked; Trust actions do not fail hold-fire tests.","Red removes one escalation stack; Yellow suppresses spells and opens magic vulnerability; Blue suppresses TP moves and opens physical vulnerability.","First logical clear refunds half pop cost. 2+ real PCs: x2 Gil/Infamy. No Trusts: x1.5. Bonuses stack to x3.","xan"
"Chhir Batti","Abyssea - Vunkerl","2","Scars","Intermediate","No","Standard Scars encounter: repeating signature, same test at 70%, reversed test at 30%.","Relic plus one Atma slot","7-10 min solo","130","8000000","12400000","16800000","350","40","500000","1500","8000","1200","3200","900","1100","900","400","350","25","15","75","20","44","360","25","Batti Winglock","rear","Batti Winglock - its pinions lock forward; circle behind!","Move behind the boss (default safe rear arc is approximately 48 degrees).","5","25","BLINDNESS","8","The pinions catch you.","The winglock tears itself apart.","10s vulnerability: DEF -400, EVA -150, MDEF -50; also removes one escalation stack.","Batti Winglock","rear","At 70%: Batti Winglock - its pinions lock forward; circle behind!","Move behind the boss (default safe rear arc is approximately 48 degrees).","5","25","BLINDNESS","8","The pinions catch you.","The winglock tears itself apart.","10s vulnerability: DEF -400, EVA -150, MDEF -50; also removes one escalation stack.","Batti Winglock - Reversal 1","far","Final test at 30%: Batti Winglock - Reversal 1 - the rear erupts; retreat beyond 13 yalms!","Move at least 13 yalms from the boss.","4","30","BLINDNESS","8","The pinions catch you.","The winglock tears itself apart.","14s vulnerability: DEF -400, EVA -150, MDEF -50; also removes one escalation stack.","ATT +1000; MATT +400","ATT +350; MATT +110; Haste +0.25%","Only the player who popped the NM is checked; Trust actions do not fail hold-fire tests.","Red removes one escalation stack; Yellow suppresses spells and opens magic vulnerability; Blue suppresses TP moves and opens physical vulnerability.","First logical clear refunds half pop cost. 2+ real PCs: x2 Gil/Infamy. No Trusts: x1.5. Bonuses stack to x3.","chhirbatti"
"Pascerpot","Abyssea - Vunkerl","2","Scars","Intermediate","No","Standard Scars encounter: repeating signature, same test at 70%, reversed test at 30%.","Relic plus one Atma slot","7-10 min solo","130","8000000","12400000","16800000","350","40","500000","1500","8000","1200","3200","900","1100","900","400","350","25","15","75","20","44","360","25","Potent Carapace","burst","Potent Carapace - its shell seals; deal 4% HP!","Deal 4% of maximum HP before the check: 320,000 solo / 496,000 with 2 PCs / 672,000 with 3+ PCs.","5","25","SLOW","8","The shell completes its ward.","The shell fractures.","10s vulnerability: DEF -400, EVA -150, MDEF -50; also removes one escalation stack.","Potent Carapace","burst","At 70%: Potent Carapace - its shell seals; deal 4% HP!","Deal 4% of maximum HP before the check: 320,000 solo / 496,000 with 2 PCs / 672,000 with 3+ PCs.","5","25","SLOW","8","The shell completes its ward.","The shell fractures.","10s vulnerability: DEF -400, EVA -150, MDEF -50; also removes one escalation stack.","Potent Carapace - Reversal 1","far","Final test at 30%: Potent Carapace - Reversal 1 - the broken ward erupts outward; retreat beyond 13 yalms!","Move at least 13 yalms from the boss.","4","30","SLOW","8","The shell completes its ward.","The shell fractures.","14s vulnerability: DEF -400, EVA -150, MDEF -50; also removes one escalation stack.","ATT +1000; MATT +400","ATT +350; MATT +110; Haste +0.25%","Only the player who popped the NM is checked; Trust actions do not fail hold-fire tests.","Red removes one escalation stack; Yellow suppresses spells and opens magic vulnerability; Blue suppresses TP moves and opens physical vulnerability.","First logical clear refunds half pop cost. 2+ real PCs: x2 Gil/Infamy. No Trusts: x1.5. Bonuses stack to x3.","pascerpot"
"Gnawtooth Gary","Abyssea - Vunkerl","2","Scars","Intermediate","No","Standard Scars encounter: repeating signature, same test at 70%, reversed test at 30%.","Relic plus one Atma slot","7-10 min solo","130","8000000","12400000","16800000","350","40","500000","1500","8000","1200","3200","900","1100","900","400","350","25","15","75","20","44","360","25","Gnawing Circle","far","Gnawing Circle - teeth churn in a wide circle; retreat 12 yalms!","Move at least 12 yalms from the boss.","5","25","SILENCE","8","The circle gnaws through you.","The bite closes short.","10s vulnerability: DEF -400, EVA -150, MDEF -50; also removes one escalation stack.","Gnawing Circle","far","At 70%: Gnawing Circle - teeth churn in a wide circle; retreat 12 yalms!","Move at least 12 yalms from the boss.","5","25","SILENCE","8","The circle gnaws through you.","The bite closes short.","10s vulnerability: DEF -400, EVA -150, MDEF -50; also removes one escalation stack.","Gnawing Circle - Reversal 1","near","Final test at 30%: Gnawing Circle - Reversal 1 - the outer ring closes; move within 6 yalms!","Move within 6 yalms of the boss.","4","30","SILENCE","8","The circle gnaws through you.","The bite closes short.","14s vulnerability: DEF -400, EVA -150, MDEF -50; also removes one escalation stack.","ATT +1000; MATT +400","ATT +350; MATT +110; Haste +0.25%","Only the player who popped the NM is checked; Trust actions do not fail hold-fire tests.","Red removes one escalation stack; Yellow suppresses spells and opens magic vulnerability; Blue suppresses TP moves and opens physical vulnerability.","First logical clear refunds half pop cost. 2+ real PCs: x2 Gil/Infamy. No Trusts: x1.5. Bonuses stack to x3.","gnawtoothgary"
"Armillaria","Abyssea - Vunkerl","2","Scars","Intermediate","No","Standard Scars encounter: repeating signature, same test at 70%, reversed test at 30%.","Relic plus one Atma slot","7-10 min solo","130","8000000","12400000","16800000","350","40","500000","1500","8000","1200","3200","900","1100","900","400","350","25","15","75","20","44","360","25","Armillary Spores","face","Armillary Spores - the cap tries to turn your mind; face it!","Face the boss when the check resolves.","5","25","PLAGUE","8","The spores muddle your will.","You resist the hypnotic rhythm.","10s vulnerability: DEF -400, EVA -150, MDEF -50; also removes one escalation stack.","Armillary Spores","face","At 70%: Armillary Spores - the cap tries to turn your mind; face it!","Face the boss when the check resolves.","5","25","PLAGUE","8","The spores muddle your will.","You resist the hypnotic rhythm.","10s vulnerability: DEF -400, EVA -150, MDEF -50; also removes one escalation stack.","Armillary Spores - Reversal 1","hold","Final test at 30%: Armillary Spores - Reversal 1 - the pattern mirrors aggression; cease attacks!","Stop all owner damage: disengage/turn, do not weapon skill, and let the window expire.","4","30","PLAGUE","8","The spores muddle your will.","You resist the hypnotic rhythm.","14s vulnerability: DEF -400, EVA -150, MDEF -50; also removes one escalation stack.","ATT +1000; MATT +400","ATT +350; MATT +110; Haste +0.25%","Only the player who popped the NM is checked; Trust actions do not fail hold-fire tests.","Red removes one escalation stack; Yellow suppresses spells and opens magic vulnerability; Blue suppresses TP moves and opens physical vulnerability.","First logical clear refunds half pop cost. 2+ real PCs: x2 Gil/Infamy. No Trusts: x1.5. Bonuses stack to x3.","armillaria"
"Sedna","Abyssea - Vunkerl","2","Scars","Intermediate","Yes","Flagship encounter: repeats its signature, repeats it at 70%, then changes to a bespoke climax at 30%.","Relic plus one Atma slot","7-10 min solo","130","8000000","12400000","16800000","350","40","500000","1500","8000","1200","3200","900","1100","900","400","350","25","15","75","20","44","360","25","Hydro Blast","burst","Hydro Blast - a magic shield swells; deal 4% HP to crack it!","Deal 4% of maximum HP before the check: 320,000 solo / 496,000 with 2 PCs / 672,000 with 3+ PCs.","5","25","SILENCE","8","The shield releases a Silence aura.","The hydro shield collapses.","10s vulnerability: DEF -400, EVA -150, MDEF -50; also removes one escalation stack.","Hydro Blast","burst","At 70%: Hydro Blast - a magic shield swells; deal 4% HP to crack it!","Deal 4% of maximum HP before the check: 320,000 solo / 496,000 with 2 PCs / 672,000 with 3+ PCs.","5","25","SILENCE","8","The shield releases a Silence aura.","The hydro shield collapses.","10s vulnerability: DEF -400, EVA -150, MDEF -50; also removes one escalation stack.","Hydro Wave","hold","Final test at 30%: Hydro Wave - water absorption begins; cease attacks!","Stop all owner damage: disengage/turn, do not weapon skill, and let the window expire.","4","30","AMNESIA","8","The wave strips your momentum.","The tide reverses and Sedna is exposed.","14s vulnerability: DEF -400, EVA -150, MDEF -50; also removes one escalation stack.","ATT +1000; MATT +400","ATT +350; MATT +110; Haste +0.25%","Only the player who popped the NM is checked; Trust actions do not fail hold-fire tests.","Red removes one escalation stack; Yellow suppresses spells and opens magic vulnerability; Blue suppresses TP moves and opens physical vulnerability.","First logical clear refunds half pop cost. 2+ real PCs: x2 Gil/Infamy. No Trusts: x1.5. Bonuses stack to x3.","sedna"
"Durinn","Abyssea - Vunkerl","2","Scars","Intermediate","Yes","Flagship encounter: repeats its signature, repeats it at 70%, then changes to a bespoke climax at 30%.","Relic plus one Atma slot","7-10 min solo","130","8000000","12400000","16800000","350","40","500000","1500","8000","1200","3200","900","1100","900","400","350","25","15","75","20","44","360","25","Hellsnap","weaponskill","Hellsnap - an AoE spell is primed; interrupt the rite with a weapon skill!","The fight owner must use any weapon skill during the window.","5","25","SILENCE","8","The matrix completes around you.","The spell matrix shatters.","10s vulnerability: DEF -400, EVA -150, MDEF -50; also removes one escalation stack.","Hellsnap","weaponskill","At 70%: Hellsnap - an AoE spell is primed; interrupt the rite with a weapon skill!","The fight owner must use any weapon skill during the window.","5","25","SILENCE","8","The matrix completes around you.","The spell matrix shatters.","10s vulnerability: DEF -400, EVA -150, MDEF -50; also removes one escalation stack.","Thundris Shriek","far","Final test at 30%: Thundris Shriek - lightning terror expands; retreat 14 yalms!","Move at least 14 yalms from the boss.","4","30","TERROR","6","The shriek terrorizes you.","The shriek grounds itself.","14s vulnerability: DEF -400, EVA -150, MDEF -50; also removes one escalation stack.","ATT +1000; MATT +400","ATT +350; MATT +110; Haste +0.25%","Only the player who popped the NM is checked; Trust actions do not fail hold-fire tests.","Red removes one escalation stack; Yellow suppresses spells and opens magic vulnerability; Blue suppresses TP moves and opens physical vulnerability.","First logical clear refunds half pop cost. 2+ real PCs: x2 Gil/Infamy. No Trusts: x1.5. Bonuses stack to x3.","durinn"
"Bukhis","Abyssea - Vunkerl","2","Scars","Intermediate","Yes","Flagship encounter: repeats its signature, repeats it at 70%, then changes to a bespoke climax at 30%.","Relic plus one Atma slot","7-10 min solo","130","8000000","12400000","16800000","350","40","500000","1500","8000","1200","3200","900","1100","900","400","350","25","15","75","20","44","360","25","Ruinous Scythe","move","Ruinous Scythe - the scythe marks your life-force; move 10 yalms!","Move at least 10 yalms from the position where the tell began.","5","25","CURSE_I","12","Your maximum vitality buckles.","The ruinous mark is severed.","10s vulnerability: DEF -400, EVA -150, MDEF -50; also removes one escalation stack.","Ruinous Scythe","move","At 70%: Ruinous Scythe - the scythe marks your life-force; move 10 yalms!","Move at least 10 yalms from the position where the tell began.","5","25","CURSE_I","12","Your maximum vitality buckles.","The ruinous mark is severed.","10s vulnerability: DEF -400, EVA -150, MDEF -50; also removes one escalation stack.","Apocalyptic Ray","turn","Final test at 30%: Apocalyptic Ray - Doom burns in its eye; turn away!","Turn away; the owner must not be facing the boss when the check resolves.","4","30","DOOM","9","A short Doom falls over you.","The ray passes and the horn ward breaks.","14s vulnerability: DEF -400, EVA -150, MDEF -50; also removes one escalation stack.","ATT +1000; MATT +400","ATT +350; MATT +110; Haste +0.25%","Only the player who popped the NM is checked; Trust actions do not fail hold-fire tests.","Red removes one escalation stack; Yellow suppresses spells and opens magic vulnerability; Blue suppresses TP moves and opens physical vulnerability.","First logical clear refunds half pop cost. 2+ real PCs: x2 Gil/Infamy. No Trusts: x1.5. Bonuses stack to x3.","bukhis"
"Karkadann","Abyssea - Vunkerl","2","Scars","Intermediate","Yes","Flagship encounter: repeats its signature, repeats it at 70%, then changes to a bespoke climax at 30%.","Relic plus one Atma slot","7-10 min solo","130","8000000","12400000","16800000","350","40","500000","1500","8000","1200","3200","900","1100","900","400","350","25","15","75","20","44","360","25","Horned Benediction","burst","Horned Benediction - the horn channels a ward; deal 5% HP!","Deal 5% of maximum HP before the check: 400,000 solo / 620,000 with 2 PCs / 840,000 with 3+ PCs.","5","25","PLAGUE","8","The completed ward empowers Karkadann.","The horn’s blessing shatters.","10s vulnerability: DEF -400, EVA -150, MDEF -50; also removes one escalation stack.","Horned Benediction","burst","At 70%: Horned Benediction - the horn channels a ward; deal 5% HP!","Deal 5% of maximum HP before the check: 400,000 solo / 620,000 with 2 PCs / 840,000 with 3+ PCs.","5","25","PLAGUE","8","The completed ward empowers Karkadann.","The horn’s blessing shatters.","10s vulnerability: DEF -400, EVA -150, MDEF -50; also removes one escalation stack.","Celestial Charge","rear","Final test at 30%: Celestial Charge - the horn fixes forward; reach its rear!","Move behind the boss (default safe rear arc is approximately 48 degrees).","4","30","TERROR","5","The celestial horn impales you.","The charge leaves it exposed.","14s vulnerability: DEF -400, EVA -150, MDEF -50; also removes one escalation stack.","ATT +1000; MATT +400","ATT +350; MATT +110; Haste +0.25%","Only the player who popped the NM is checked; Trust actions do not fail hold-fire tests.","Red removes one escalation stack; Yellow suppresses spells and opens magic vulnerability; Blue suppresses TP moves and opens physical vulnerability.","First logical clear refunds half pop cost. 2+ real PCs: x2 Gil/Infamy. No Trusts: x1.5. Bonuses stack to x3.","karkadann"
"Sharabha","Abyssea - Altepa","3","Heroes","Advanced","No","Standard Heroes encounter: repeating signature, first reversal at 70%, second reversal at 30%.","Relic plus up to two Atma slots","10-14 min solo / 6-9 min group","150","14000000","21700000","29400000","500","60","750000","2000","9500","1650","4500","1100","1400","1100","550","400","30","20","100","16","36","480","20","Sand-Caked Ambush","move","Sand-Caked Ambush - the dunes mark your footing; move 11 yalms!","Move at least 11 yalms from the position where the tell began.","5","30","SLOW","10","The sand jaws close on you.","The ambush erupts behind you.","10s vulnerability: DEF -500, EVA -200, MDEF -65; also removes one escalation stack.","Sand-Caked Ambush - Reversal 1","rear","At 70%: Sand-Caked Ambush - Reversal 1 - the marked path turns forward; reach the rear!","Move behind the boss (default safe rear arc is approximately 48 degrees).","5","30","SLOW","10","The sand jaws close on you.","The ambush erupts behind you.","10s vulnerability: DEF -500, EVA -200, MDEF -65; also removes one escalation stack.","Sand-Caked Ambush - Reversal 1 - Reversal 2","far","Final test at 30%: Sand-Caked Ambush - Reversal 1 - Reversal 2 - the rear erupts; retreat beyond 13 yalms!","Move at least 13 yalms from the boss.","4","35","SLOW","10","The sand jaws close on you.","The ambush erupts behind you.","16s vulnerability: DEF -500, EVA -200, MDEF -65; also removes one escalation stack.","ATT +1500; MATT +600","ATT +525; MATT +165; Haste +0.25%","Only the player who popped the NM is checked; Trust actions do not fail hold-fire tests.","Red removes one escalation stack; Yellow suppresses spells and opens magic vulnerability; Blue suppresses TP moves and opens physical vulnerability.","First logical clear refunds half pop cost. 2+ real PCs: x2 Gil/Infamy. No Trusts: x1.5. Bonuses stack to x3.","sharabha"
"Chickcharney","Abyssea - Altepa","3","Heroes","Advanced","No","Standard Heroes encounter: repeating signature, first reversal at 70%, second reversal at 30%.","Relic plus up to two Atma slots","10-14 min solo / 6-9 min group","150","14000000","21700000","29400000","500","60","750000","2000","9500","1650","4500","1100","1400","1100","550","400","30","20","100","16","36","480","20","Cockatrice Mirror","turn","Cockatrice Mirror - its scales mirror your gaze; look away!","Turn away; the owner must not be facing the boss when the check resolves.","5","30","PETRIFICATION","5","Your own gaze petrifies you.","The mirror cracks.","10s vulnerability: DEF -500, EVA -200, MDEF -65; also removes one escalation stack.","Cockatrice Mirror - Reversal 1","move","At 70%: Cockatrice Mirror - Reversal 1 - the pattern reverses; move at least 9 yalms!","Move at least 9 yalms from the position where the tell began.","5","30","PETRIFICATION","5","Your own gaze petrifies you.","The mirror cracks.","10s vulnerability: DEF -500, EVA -200, MDEF -65; also removes one escalation stack.","Cockatrice Mirror - Reversal 1 - Reversal 2","rear","Final test at 30%: Cockatrice Mirror - Reversal 1 - Reversal 2 - the marked path turns forward; reach the rear!","Move behind the boss (default safe rear arc is approximately 48 degrees).","4","35","PETRIFICATION","5","Your own gaze petrifies you.","The mirror cracks.","16s vulnerability: DEF -500, EVA -200, MDEF -65; also removes one escalation stack.","ATT +1500; MATT +600","ATT +525; MATT +165; Haste +0.25%","Only the player who popped the NM is checked; Trust actions do not fail hold-fire tests.","Red removes one escalation stack; Yellow suppresses spells and opens magic vulnerability; Blue suppresses TP moves and opens physical vulnerability.","First logical clear refunds half pop cost. 2+ real PCs: x2 Gil/Infamy. No Trusts: x1.5. Bonuses stack to x3.","chickcharney"
"Emperador de Altepa","Abyssea - Altepa","3","Heroes","Advanced","No","Standard Heroes encounter: repeating signature, first reversal at 70%, second reversal at 30%.","Relic plus up to two Atma slots","10-14 min solo / 6-9 min group","150","14000000","21700000","29400000","500","60","750000","2000","9500","1650","4500","1100","1400","1100","550","400","30","20","100","16","36","480","20","Oasis Dominion","far","Oasis Dominion - the oasis surges outward; retreat 14 yalms!","Move at least 14 yalms from the boss.","5","30","PLAGUE","10","The oasis drowns your strength.","The false oasis evaporates.","10s vulnerability: DEF -500, EVA -200, MDEF -65; also removes one escalation stack.","Oasis Dominion - Reversal 1","near","At 70%: Oasis Dominion - Reversal 1 - the outer ring closes; move within 6 yalms!","Move within 6 yalms of the boss.","5","30","PLAGUE","10","The oasis drowns your strength.","The false oasis evaporates.","10s vulnerability: DEF -500, EVA -200, MDEF -65; also removes one escalation stack.","Oasis Dominion - Reversal 1 - Reversal 2","move","Final test at 30%: Oasis Dominion - Reversal 1 - Reversal 2 - the safe center shifts; move at least 9 yalms!","Move at least 9 yalms from the position where the tell began.","4","35","PLAGUE","10","The oasis drowns your strength.","The false oasis evaporates.","16s vulnerability: DEF -500, EVA -200, MDEF -65; also removes one escalation stack.","ATT +1500; MATT +600","ATT +525; MATT +165; Haste +0.25%","Only the player who popped the NM is checked; Trust actions do not fail hold-fire tests.","Red removes one escalation stack; Yellow suppresses spells and opens magic vulnerability; Blue suppresses TP moves and opens physical vulnerability.","First logical clear refunds half pop cost. 2+ real PCs: x2 Gil/Infamy. No Trusts: x1.5. Bonuses stack to x3.","emperadordealtepa"
"Waugyl","Abyssea - Altepa","3","Heroes","Advanced","No","Standard Heroes encounter: repeating signature, first reversal at 70%, second reversal at 30%.","Relic plus up to two Atma slots","10-14 min solo / 6-9 min group","150","14000000","21700000","29400000","500","60","750000","2000","9500","1650","4500","1100","1400","1100","550","400","30","20","100","16","36","480","20","Puppet-Blood Feint","hold","Puppet-Blood Feint - it feigns collapse; cease attacks!","Stop all owner damage: disengage/turn, do not weapon skill, and let the window expire.","5","30","AMNESIA","10","The hidden string returns your attack.","The puppet string goes slack.","10s vulnerability: DEF -500, EVA -200, MDEF -65; also removes one escalation stack.","Puppet-Blood Feint - Reversal 1","burst","At 70%: Puppet-Blood Feint - Reversal 1 - the restraint breaks; deal 4% HP before it reforms!","Deal 4% of maximum HP before the check: 560,000 solo / 868,000 with 2 PCs / 1,176,000 with 3+ PCs.","5","30","AMNESIA","10","The hidden string returns your attack.","The puppet string goes slack.","10s vulnerability: DEF -500, EVA -200, MDEF -65; also removes one escalation stack.","Puppet-Blood Feint - Reversal 1 - Reversal 2","far","Final test at 30%: Puppet-Blood Feint - Reversal 1 - Reversal 2 - the broken ward erupts outward; retreat beyond 13 yalms!","Move at least 13 yalms from the boss.","4","35","AMNESIA","10","The hidden string returns your attack.","The puppet string goes slack.","16s vulnerability: DEF -500, EVA -200, MDEF -65; also removes one escalation stack.","ATT +1500; MATT +600","ATT +525; MATT +165; Haste +0.25%","Only the player who popped the NM is checked; Trust actions do not fail hold-fire tests.","Red removes one escalation stack; Yellow suppresses spells and opens magic vulnerability; Blue suppresses TP moves and opens physical vulnerability.","First logical clear refunds half pop cost. 2+ real PCs: x2 Gil/Infamy. No Trusts: x1.5. Bonuses stack to x3.","waugyl"
"Shaula","Abyssea - Altepa","3","Heroes","Advanced","No","Standard Heroes encounter: repeating signature, first reversal at 70%, second reversal at 30%.","Relic plus up to two Atma slots","10-14 min solo / 6-9 min group","150","14000000","21700000","29400000","500","60","750000","2000","9500","1650","4500","1100","1400","1100","550","400","30","20","100","16","36","480","20","Scorpion Meridian","rear","Scorpion Meridian - the claws and tail cover the front; take the rear!","Move behind the boss (default safe rear arc is approximately 48 degrees).","5","30","POISON","10","The meridian strike finds you.","Shaula knots its own tail.","10s vulnerability: DEF -500, EVA -200, MDEF -65; also removes one escalation stack.","Scorpion Meridian - Reversal 1","far","At 70%: Scorpion Meridian - Reversal 1 - the rear erupts; retreat beyond 13 yalms!","Move at least 13 yalms from the boss.","5","30","POISON","10","The meridian strike finds you.","Shaula knots its own tail.","10s vulnerability: DEF -500, EVA -200, MDEF -65; also removes one escalation stack.","Scorpion Meridian - Reversal 1 - Reversal 2","near","Final test at 30%: Scorpion Meridian - Reversal 1 - Reversal 2 - the outer ring closes; move within 6 yalms!","Move within 6 yalms of the boss.","4","35","POISON","10","The meridian strike finds you.","Shaula knots its own tail.","16s vulnerability: DEF -500, EVA -200, MDEF -65; also removes one escalation stack.","ATT +1500; MATT +600","ATT +525; MATT +165; Haste +0.25%","Only the player who popped the NM is checked; Trust actions do not fail hold-fire tests.","Red removes one escalation stack; Yellow suppresses spells and opens magic vulnerability; Blue suppresses TP moves and opens physical vulnerability.","First logical clear refunds half pop cost. 2+ real PCs: x2 Gil/Infamy. No Trusts: x1.5. Bonuses stack to x3.","shaula"
"Tablilla","Abyssea - Altepa","3","Heroes","Advanced","No","Standard Heroes encounter: repeating signature, first reversal at 70%, second reversal at 30%.","Relic plus up to two Atma slots","10-14 min solo / 6-9 min group","150","14000000","21700000","29400000","500","60","750000","2000","9500","1650","4500","1100","1400","1100","550","400","30","20","100","16","36","480","20","Mercury Lattice","move","Mercury Lattice - liquid metal fixes your position; move 10 yalms!","Move at least 10 yalms from the position where the tell began.","5","30","PARALYSIS","10","Mercury cages you.","The lattice hardens empty.","10s vulnerability: DEF -500, EVA -200, MDEF -65; also removes one escalation stack.","Mercury Lattice - Reversal 1","rear","At 70%: Mercury Lattice - Reversal 1 - the marked path turns forward; reach the rear!","Move behind the boss (default safe rear arc is approximately 48 degrees).","5","30","PARALYSIS","10","Mercury cages you.","The lattice hardens empty.","10s vulnerability: DEF -500, EVA -200, MDEF -65; also removes one escalation stack.","Mercury Lattice - Reversal 1 - Reversal 2","far","Final test at 30%: Mercury Lattice - Reversal 1 - Reversal 2 - the rear erupts; retreat beyond 13 yalms!","Move at least 13 yalms from the boss.","4","35","PARALYSIS","10","Mercury cages you.","The lattice hardens empty.","16s vulnerability: DEF -500, EVA -200, MDEF -65; also removes one escalation stack.","ATT +1500; MATT +600","ATT +525; MATT +165; Haste +0.25%","Only the player who popped the NM is checked; Trust actions do not fail hold-fire tests.","Red removes one escalation stack; Yellow suppresses spells and opens magic vulnerability; Blue suppresses TP moves and opens physical vulnerability.","First logical clear refunds half pop cost. 2+ real PCs: x2 Gil/Infamy. No Trusts: x1.5. Bonuses stack to x3.","tablilla"
"Vadleany","Abyssea - Altepa","3","Heroes","Advanced","No","Standard Heroes encounter: repeating signature, first reversal at 70%, second reversal at 30%.","Relic plus up to two Atma slots","10-14 min solo / 6-9 min group","150","14000000","21700000","29400000","500","60","750000","2000","9500","1650","4500","1100","1400","1100","550","400","30","20","100","16","36","480","20","Ladybird Vortex","near","Ladybird Vortex - the vortex widens; close within 5 yalms!","Move within 5 yalms of the boss.","5","30","BLINDNESS","10","The vortex strips your footing.","You stand in its calm eye.","10s vulnerability: DEF -500, EVA -200, MDEF -65; also removes one escalation stack.","Ladybird Vortex - Reversal 1","move","At 70%: Ladybird Vortex - Reversal 1 - the safe center shifts; move at least 9 yalms!","Move at least 9 yalms from the position where the tell began.","5","30","BLINDNESS","10","The vortex strips your footing.","You stand in its calm eye.","10s vulnerability: DEF -500, EVA -200, MDEF -65; also removes one escalation stack.","Ladybird Vortex - Reversal 1 - Reversal 2","rear","Final test at 30%: Ladybird Vortex - Reversal 1 - Reversal 2 - the marked path turns forward; reach the rear!","Move behind the boss (default safe rear arc is approximately 48 degrees).","4","35","BLINDNESS","10","The vortex strips your footing.","You stand in its calm eye.","16s vulnerability: DEF -500, EVA -200, MDEF -65; also removes one escalation stack.","ATT +1500; MATT +600","ATT +525; MATT +165; Haste +0.25%","Only the player who popped the NM is checked; Trust actions do not fail hold-fire tests.","Red removes one escalation stack; Yellow suppresses spells and opens magic vulnerability; Blue suppresses TP moves and opens physical vulnerability.","First logical clear refunds half pop cost. 2+ real PCs: x2 Gil/Infamy. No Trusts: x1.5. Bonuses stack to x3.","vadleany"
"Amarok","Abyssea - Altepa","3","Heroes","Advanced","No","Standard Heroes encounter: repeating signature, first reversal at 70%, second reversal at 30%.","Relic plus up to two Atma slots","10-14 min solo / 6-9 min group","150","14000000","21700000","29400000","500","60","750000","2000","9500","1650","4500","1100","1400","1100","550","400","30","20","100","16","36","480","20","Three-Hide Trial","weaponskill","Three-Hide Trial - three hides overlap; split them with a weapon skill!","The fight owner must use any weapon skill during the window.","5","30","SLOW","10","The hides fuse into armor.","The layered hides part.","10s vulnerability: DEF -500, EVA -200, MDEF -65; also removes one escalation stack.","Three-Hide Trial - Reversal 1","far","At 70%: Three-Hide Trial - Reversal 1 - the answer detonates outward; retreat beyond 13 yalms!","Move at least 13 yalms from the boss.","5","30","SLOW","10","The hides fuse into armor.","The layered hides part.","10s vulnerability: DEF -500, EVA -200, MDEF -65; also removes one escalation stack.","Three-Hide Trial - Reversal 1 - Reversal 2","near","Final test at 30%: Three-Hide Trial - Reversal 1 - Reversal 2 - the outer ring closes; move within 6 yalms!","Move within 6 yalms of the boss.","4","35","SLOW","10","The hides fuse into armor.","The layered hides part.","16s vulnerability: DEF -500, EVA -200, MDEF -65; also removes one escalation stack.","ATT +1500; MATT +600","ATT +525; MATT +165; Haste +0.25%","Only the player who popped the NM is checked; Trust actions do not fail hold-fire tests.","Red removes one escalation stack; Yellow suppresses spells and opens magic vulnerability; Blue suppresses TP moves and opens physical vulnerability.","First logical clear refunds half pop cost. 2+ real PCs: x2 Gil/Infamy. No Trusts: x1.5. Bonuses stack to x3.","amarok"
"Bugul Noz","Abyssea - Altepa","3","Heroes","Advanced","No","Standard Heroes encounter: repeating signature, first reversal at 70%, second reversal at 30%.","Relic plus up to two Atma slots","10-14 min solo / 6-9 min group","150","14000000","21700000","29400000","500","60","750000","2000","9500","1650","4500","1100","1400","1100","550","400","30","20","100","16","36","480","20","Sabulous Burial","move","Sabulous Burial - clay rises beneath you; move 12 yalms!","Move at least 12 yalms from the position where the tell began.","5","30","SILENCE","10","The clay buries your actions.","The clay tomb closes empty.","10s vulnerability: DEF -500, EVA -200, MDEF -65; also removes one escalation stack.","Sabulous Burial - Reversal 1","rear","At 70%: Sabulous Burial - Reversal 1 - the marked path turns forward; reach the rear!","Move behind the boss (default safe rear arc is approximately 48 degrees).","5","30","SILENCE","10","The clay buries your actions.","The clay tomb closes empty.","10s vulnerability: DEF -500, EVA -200, MDEF -65; also removes one escalation stack.","Sabulous Burial - Reversal 1 - Reversal 2","far","Final test at 30%: Sabulous Burial - Reversal 1 - Reversal 2 - the rear erupts; retreat beyond 13 yalms!","Move at least 13 yalms from the boss.","4","35","SILENCE","10","The clay buries your actions.","The clay tomb closes empty.","16s vulnerability: DEF -500, EVA -200, MDEF -65; also removes one escalation stack.","ATT +1500; MATT +600","ATT +525; MATT +165; Haste +0.25%","Only the player who popped the NM is checked; Trust actions do not fail hold-fire tests.","Red removes one escalation stack; Yellow suppresses spells and opens magic vulnerability; Blue suppresses TP moves and opens physical vulnerability.","First logical clear refunds half pop cost. 2+ real PCs: x2 Gil/Infamy. No Trusts: x1.5. Bonuses stack to x3.","bugulnoz"
"Ironclad Smiter","Abyssea - Altepa","3","Heroes","Advanced","No","Standard Heroes encounter: repeating signature, first reversal at 70%, second reversal at 30%.","Relic plus up to two Atma slots","10-14 min solo / 6-9 min group","150","14000000","21700000","29400000","500","60","750000","2000","9500","1650","4500","1100","1400","1100","550","400","30","20","100","16","36","480","20","Smiter Calibration","hold","Smiter Calibration - the giant calibrates against attacks; hold fire!","Stop all owner damage: disengage/turn, do not weapon skill, and let the window expire.","5","30","PLAGUE","10","Your attack perfects its aim.","Calibration fails.","10s vulnerability: DEF -500, EVA -200, MDEF -65; also removes one escalation stack.","Smiter Calibration - Reversal 1","burst","At 70%: Smiter Calibration - Reversal 1 - the restraint breaks; deal 4% HP before it reforms!","Deal 4% of maximum HP before the check: 560,000 solo / 868,000 with 2 PCs / 1,176,000 with 3+ PCs.","5","30","PLAGUE","10","Your attack perfects its aim.","Calibration fails.","10s vulnerability: DEF -500, EVA -200, MDEF -65; also removes one escalation stack.","Smiter Calibration - Reversal 1 - Reversal 2","far","Final test at 30%: Smiter Calibration - Reversal 1 - Reversal 2 - the broken ward erupts outward; retreat beyond 13 yalms!","Move at least 13 yalms from the boss.","4","35","PLAGUE","10","Your attack perfects its aim.","Calibration fails.","16s vulnerability: DEF -500, EVA -200, MDEF -65; also removes one escalation stack.","ATT +1500; MATT +600","ATT +525; MATT +165; Haste +0.25%","Only the player who popped the NM is checked; Trust actions do not fail hold-fire tests.","Red removes one escalation stack; Yellow suppresses spells and opens magic vulnerability; Blue suppresses TP moves and opens physical vulnerability.","First logical clear refunds half pop cost. 2+ real PCs: x2 Gil/Infamy. No Trusts: x1.5. Bonuses stack to x3.","ironcladsmiter"
"Orthrus","Abyssea - Altepa","3","Heroes","Advanced","Yes","Flagship encounter: repeats its signature, repeats it at 70%, then changes to a bespoke climax at 30%.","Relic plus up to two Atma slots","10-14 min solo / 6-9 min group","150","14000000","21700000","29400000","500","60","750000","2000","9500","1650","4500","1100","1400","1100","550","400","30","20","100","16","36","480","20","Magma Hoplon","burst","Magma Hoplon - Blaze Spikes feed its fire magic; deal 5% HP to crack them!","Deal 5% of maximum HP before the check: 700,000 solo / 1,085,000 with 2 PCs / 1,470,000 with 3+ PCs.","5","30","PLAGUE","10","Orthrus drinks the fire and heals its fury.","The magma shield shatters.","10s vulnerability: DEF -500, EVA -200, MDEF -65; also removes one escalation stack.","Magma Hoplon","burst","At 70%: Magma Hoplon - Blaze Spikes feed its fire magic; deal 5% HP to crack them!","Deal 5% of maximum HP before the check: 700,000 solo / 1,085,000 with 2 PCs / 1,470,000 with 3+ PCs.","5","30","PLAGUE","10","Orthrus drinks the fire and heals its fury.","The magma shield shatters.","10s vulnerability: DEF -500, EVA -200, MDEF -65; also removes one escalation stack.","Howl","face","Final test at 30%: Howl - Howl resets hate; face Orthrus and brace!","Face the boss when the check resolves.","4","35","TERROR","5","The reset leaves you exposed.","You hold its attention through the howl.","16s vulnerability: DEF -500, EVA -200, MDEF -65; also removes one escalation stack.","ATT +1500; MATT +600","ATT +525; MATT +165; Haste +0.25%","Only the player who popped the NM is checked; Trust actions do not fail hold-fire tests.","Red removes one escalation stack; Yellow suppresses spells and opens magic vulnerability; Blue suppresses TP moves and opens physical vulnerability.","First logical clear refunds half pop cost. 2+ real PCs: x2 Gil/Infamy. No Trusts: x1.5. Bonuses stack to x3.","orthrus"
"Dragua","Abyssea - Altepa","3","Heroes","Advanced","Yes","Flagship encounter: repeats its signature, repeats it at 70%, then changes to a bespoke climax at 30%.","Relic plus up to two Atma slots","10-14 min solo / 6-9 min group","150","14000000","21700000","29400000","500","60","750000","2000","9500","1650","4500","1100","1400","1100","550","400","30","20","100","16","36","480","20","Terra Wing","turn","Terra Wing - petrifying dust fills its forward arc; turn away!","Turn away; the owner must not be facing the boss when the check resolves.","5","30","GRADUAL_PETRIFICATION","8","Stone crawls over your limbs.","The dust settles without a victim.","10s vulnerability: DEF -500, EVA -200, MDEF -65; also removes one escalation stack.","Terra Wing","turn","At 70%: Terra Wing - petrifying dust fills its forward arc; turn away!","Turn away; the owner must not be facing the boss when the check resolves.","5","30","GRADUAL_PETRIFICATION","8","Stone crawls over your limbs.","The dust settles without a victim.","10s vulnerability: DEF -500, EVA -200, MDEF -65; also removes one escalation stack.","Absolute Terror","move","Final test at 30%: Absolute Terror - Dragua fixes you in place; move 11 yalms before the roar!","Move at least 11 yalms from the position where the tell began.","4","35","TERROR","7","Absolute Terror seizes you.","The terror mark breaks.","16s vulnerability: DEF -500, EVA -200, MDEF -65; also removes one escalation stack.","ATT +1500; MATT +600","ATT +525; MATT +165; Haste +0.25%","Only the player who popped the NM is checked; Trust actions do not fail hold-fire tests.","Red removes one escalation stack; Yellow suppresses spells and opens magic vulnerability; Blue suppresses TP moves and opens physical vulnerability.","First logical clear refunds half pop cost. 2+ real PCs: x2 Gil/Infamy. No Trusts: x1.5. Bonuses stack to x3.","dragua"
"Bennu","Abyssea - Altepa","3","Heroes","Advanced","Yes","Flagship encounter: repeats its signature, repeats it at 70%, then changes to a bespoke climax at 30%.","Relic plus up to two Atma slots","10-14 min solo / 6-9 min group","150","14000000","21700000","29400000","500","60","750000","2000","9500","1650","4500","1100","1400","1100","550","400","30","20","100","16","36","480","20","Dread Wind","far","Dread Wind - a Terror storm gathers; retreat 15 yalms!","Move at least 15 yalms from the boss.","5","30","TERROR","5","Dread Wind leaves you open to critical blows.","The storm breaks before reaching you.","10s vulnerability: DEF -500, EVA -200, MDEF -65; also removes one escalation stack.","Dread Wind","far","At 70%: Dread Wind - a Terror storm gathers; retreat 15 yalms!","Move at least 15 yalms from the boss.","5","30","TERROR","5","Dread Wind leaves you open to critical blows.","The storm breaks before reaching you.","10s vulnerability: DEF -500, EVA -200, MDEF -65; also removes one escalation stack.","Predator Landing","rear","Final test at 30%: Predator Landing - Bennu dives forward; reach its rear!","Move behind the boss (default safe rear arc is approximately 48 degrees).","4","35","AMNESIA","10","The dive tears through you.","The landing exhausts Bennu.","16s vulnerability: DEF -500, EVA -200, MDEF -65; also removes one escalation stack.","ATT +1500; MATT +600","ATT +525; MATT +165; Haste +0.25%","Only the player who popped the NM is checked; Trust actions do not fail hold-fire tests.","Red removes one escalation stack; Yellow suppresses spells and opens magic vulnerability; Blue suppresses TP moves and opens physical vulnerability.","First logical clear refunds half pop cost. 2+ real PCs: x2 Gil/Infamy. No Trusts: x1.5. Bonuses stack to x3.","bennu"
"Rani","Abyssea - Altepa","3","Heroes","Advanced","Yes","Flagship encounter: repeats its signature, repeats it at 70%, then changes to a bespoke climax at 30%.","Relic plus up to two Atma slots","10-14 min solo / 6-9 min group","150","14000000","21700000","29400000","500","60","750000","2000","9500","1650","4500","1100","1400","1100","550","400","30","20","100","16","36","480","20","Action Absorption","hold","Action Absorption - Rani begins an action and absorbs damage; cease attacks!","Stop all owner damage: disengage/turn, do not weapon skill, and let the window expire.","5","30","PLAGUE","10","Rani converts your attack into power.","The absorption window starves.","10s vulnerability: DEF -500, EVA -200, MDEF -65; also removes one escalation stack.","Action Absorption","hold","At 70%: Action Absorption - Rani begins an action and absorbs damage; cease attacks!","Stop all owner damage: disengage/turn, do not weapon skill, and let the window expire.","5","30","PLAGUE","10","Rani converts your attack into power.","The absorption window starves.","10s vulnerability: DEF -500, EVA -200, MDEF -65; also removes one escalation stack.","Enthrall","turn","Final test at 30%: Enthrall - Rani’s eyes glow; turn away from Charm!","Turn away; the owner must not be facing the boss when the check resolves.","4","35","TERROR","8","The gaze steals your will.","The enthralling gaze fails.","16s vulnerability: DEF -500, EVA -200, MDEF -65; also removes one escalation stack.","ATT +1500; MATT +600","ATT +525; MATT +165; Haste +0.25%","Only the player who popped the NM is checked; Trust actions do not fail hold-fire tests.","Red removes one escalation stack; Yellow suppresses spells and opens magic vulnerability; Blue suppresses TP moves and opens physical vulnerability.","First logical clear refunds half pop cost. 2+ real PCs: x2 Gil/Infamy. No Trusts: x1.5. Bonuses stack to x3.","rani"
"Bomblix Flamefinger","Abyssea - Grauberg","3","Heroes","Advanced","No","Standard Heroes encounter: repeating signature, first reversal at 70%, second reversal at 30%.","Relic plus up to two Atma slots","10-14 min solo / 6-9 min group","150","14000000","21700000","29400000","500","60","750000","2000","9500","1650","4500","1100","1400","1100","550","400","30","20","100","16","36","480","20","Powderfinger Fuse","far","Powderfinger Fuse - gunpowder ignites; retreat 14 yalms!","Move at least 14 yalms from the boss.","5","30","SLOW","10","The powder blast engulfs you.","The blast falls short.","10s vulnerability: DEF -500, EVA -200, MDEF -65; also removes one escalation stack.","Powderfinger Fuse - Reversal 1","near","At 70%: Powderfinger Fuse - Reversal 1 - the outer ring closes; move within 6 yalms!","Move within 6 yalms of the boss.","5","30","SLOW","10","The powder blast engulfs you.","The blast falls short.","10s vulnerability: DEF -500, EVA -200, MDEF -65; also removes one escalation stack.","Powderfinger Fuse - Reversal 1 - Reversal 2","move","Final test at 30%: Powderfinger Fuse - Reversal 1 - Reversal 2 - the safe center shifts; move at least 9 yalms!","Move at least 9 yalms from the position where the tell began.","4","35","SLOW","10","The powder blast engulfs you.","The blast falls short.","16s vulnerability: DEF -500, EVA -200, MDEF -65; also removes one escalation stack.","ATT +1500; MATT +600","ATT +525; MATT +165; Haste +0.25%","Only the player who popped the NM is checked; Trust actions do not fail hold-fire tests.","Red removes one escalation stack; Yellow suppresses spells and opens magic vulnerability; Blue suppresses TP moves and opens physical vulnerability.","First logical clear refunds half pop cost. 2+ real PCs: x2 Gil/Infamy. No Trusts: x1.5. Bonuses stack to x3.","bomblixflamefinger"
"Ika-Roa","Abyssea - Grauberg","3","Heroes","Advanced","No","Standard Heroes encounter: repeating signature, first reversal at 70%, second reversal at 30%.","Relic plus up to two Atma slots","10-14 min solo / 6-9 min group","150","14000000","21700000","29400000","500","60","750000","2000","9500","1650","4500","1100","1400","1100","550","400","30","20","100","16","36","480","20","Pugil Undertow","near","Pugil Undertow - the current lashes outward; close within 5 yalms!","Move within 5 yalms of the boss.","5","30","SILENCE","10","The undertow batters you.","You enter the still center.","10s vulnerability: DEF -500, EVA -200, MDEF -65; also removes one escalation stack.","Pugil Undertow - Reversal 1","move","At 70%: Pugil Undertow - Reversal 1 - the safe center shifts; move at least 9 yalms!","Move at least 9 yalms from the position where the tell began.","5","30","SILENCE","10","The undertow batters you.","You enter the still center.","10s vulnerability: DEF -500, EVA -200, MDEF -65; also removes one escalation stack.","Pugil Undertow - Reversal 1 - Reversal 2","rear","Final test at 30%: Pugil Undertow - Reversal 1 - Reversal 2 - the marked path turns forward; reach the rear!","Move behind the boss (default safe rear arc is approximately 48 degrees).","4","35","SILENCE","10","The undertow batters you.","You enter the still center.","16s vulnerability: DEF -500, EVA -200, MDEF -65; also removes one escalation stack.","ATT +1500; MATT +600","ATT +525; MATT +165; Haste +0.25%","Only the player who popped the NM is checked; Trust actions do not fail hold-fire tests.","Red removes one escalation stack; Yellow suppresses spells and opens magic vulnerability; Blue suppresses TP moves and opens physical vulnerability.","First logical clear refunds half pop cost. 2+ real PCs: x2 Gil/Infamy. No Trusts: x1.5. Bonuses stack to x3.","ikaroa"
"Minaruja","Abyssea - Grauberg","3","Heroes","Advanced","No","Standard Heroes encounter: repeating signature, first reversal at 70%, second reversal at 30%.","Relic plus up to two Atma slots","10-14 min solo / 6-9 min group","150","14000000","21700000","29400000","500","60","750000","2000","9500","1650","4500","1100","1400","1100","550","400","30","20","100","16","36","480","20","Pursuer Wing","move","Pursuer Wing - a hunting shadow fixes your ground; move 11 yalms!","Move at least 11 yalms from the position where the tell began.","5","30","PLAGUE","10","The wing pins you.","The pursuer strikes empty ground.","10s vulnerability: DEF -500, EVA -200, MDEF -65; also removes one escalation stack.","Pursuer Wing - Reversal 1","rear","At 70%: Pursuer Wing - Reversal 1 - the marked path turns forward; reach the rear!","Move behind the boss (default safe rear arc is approximately 48 degrees).","5","30","PLAGUE","10","The wing pins you.","The pursuer strikes empty ground.","10s vulnerability: DEF -500, EVA -200, MDEF -65; also removes one escalation stack.","Pursuer Wing - Reversal 1 - Reversal 2","far","Final test at 30%: Pursuer Wing - Reversal 1 - Reversal 2 - the rear erupts; retreat beyond 13 yalms!","Move at least 13 yalms from the boss.","4","35","PLAGUE","10","The wing pins you.","The pursuer strikes empty ground.","16s vulnerability: DEF -500, EVA -200, MDEF -65; also removes one escalation stack.","ATT +1500; MATT +600","ATT +525; MATT +165; Haste +0.25%","Only the player who popped the NM is checked; Trust actions do not fail hold-fire tests.","Red removes one escalation stack; Yellow suppresses spells and opens magic vulnerability; Blue suppresses TP moves and opens physical vulnerability.","First logical clear refunds half pop cost. 2+ real PCs: x2 Gil/Infamy. No Trusts: x1.5. Bonuses stack to x3.","minaruja"
"Lorelei","Abyssea - Grauberg","3","Heroes","Advanced","No","Standard Heroes encounter: repeating signature, first reversal at 70%, second reversal at 30%.","Relic plus up to two Atma slots","10-14 min solo / 6-9 min group","150","14000000","21700000","29400000","500","60","750000","2000","9500","1650","4500","1100","1400","1100","550","400","30","20","100","16","36","480","20","Fay Refrain","face","Fay Refrain - the song seeks an unwary mind; face Lorelei!","Face the boss when the check resolves.","5","30","AMNESIA","10","The refrain silences your thoughts.","You break the refrain.","10s vulnerability: DEF -500, EVA -200, MDEF -65; also removes one escalation stack.","Fay Refrain - Reversal 1","hold","At 70%: Fay Refrain - Reversal 1 - the pattern mirrors aggression; cease attacks!","Stop all owner damage: disengage/turn, do not weapon skill, and let the window expire.","5","30","AMNESIA","10","The refrain silences your thoughts.","You break the refrain.","10s vulnerability: DEF -500, EVA -200, MDEF -65; also removes one escalation stack.","Fay Refrain - Reversal 1 - Reversal 2","burst","Final test at 30%: Fay Refrain - Reversal 1 - Reversal 2 - the restraint breaks; deal 4% HP before it reforms!","Deal 4% of maximum HP before the check: 560,000 solo / 868,000 with 2 PCs / 1,176,000 with 3+ PCs.","4","35","AMNESIA","10","The refrain silences your thoughts.","You break the refrain.","16s vulnerability: DEF -500, EVA -200, MDEF -65; also removes one escalation stack.","ATT +1500; MATT +600","ATT +525; MATT +165; Haste +0.25%","Only the player who popped the NM is checked; Trust actions do not fail hold-fire tests.","Red removes one escalation stack; Yellow suppresses spells and opens magic vulnerability; Blue suppresses TP moves and opens physical vulnerability.","First logical clear refunds half pop cost. 2+ real PCs: x2 Gil/Infamy. No Trusts: x1.5. Bonuses stack to x3.","lorelei"
"Xibalba","Abyssea - Grauberg","3","Heroes","Advanced","No","Standard Heroes encounter: repeating signature, first reversal at 70%, second reversal at 30%.","Relic plus up to two Atma slots","10-14 min solo / 6-9 min group","150","14000000","21700000","29400000","500","60","750000","2000","9500","1650","4500","1100","1400","1100","550","400","30","20","100","16","36","480","20","Decaying Molar","rear","Decaying Molar - the jaws commit forward; circle behind!","Move behind the boss (default safe rear arc is approximately 48 degrees).","5","30","POISON","10","The molars crush you.","The bite snaps empty.","10s vulnerability: DEF -500, EVA -200, MDEF -65; also removes one escalation stack.","Decaying Molar - Reversal 1","far","At 70%: Decaying Molar - Reversal 1 - the rear erupts; retreat beyond 13 yalms!","Move at least 13 yalms from the boss.","5","30","POISON","10","The molars crush you.","The bite snaps empty.","10s vulnerability: DEF -500, EVA -200, MDEF -65; also removes one escalation stack.","Decaying Molar - Reversal 1 - Reversal 2","near","Final test at 30%: Decaying Molar - Reversal 1 - Reversal 2 - the outer ring closes; move within 6 yalms!","Move within 6 yalms of the boss.","4","35","POISON","10","The molars crush you.","The bite snaps empty.","16s vulnerability: DEF -500, EVA -200, MDEF -65; also removes one escalation stack.","ATT +1500; MATT +600","ATT +525; MATT +165; Haste +0.25%","Only the player who popped the NM is checked; Trust actions do not fail hold-fire tests.","Red removes one escalation stack; Yellow suppresses spells and opens magic vulnerability; Blue suppresses TP moves and opens physical vulnerability.","First logical clear refunds half pop cost. 2+ real PCs: x2 Gil/Infamy. No Trusts: x1.5. Bonuses stack to x3.","xibalba"
"Teugghia","Abyssea - Grauberg","3","Heroes","Advanced","No","Standard Heroes encounter: repeating signature, first reversal at 70%, second reversal at 30%.","Relic plus up to two Atma slots","10-14 min solo / 6-9 min group","150","14000000","21700000","29400000","500","60","750000","2000","9500","1650","4500","1100","1400","1100","550","400","30","20","100","16","36","480","20","Unseelie Bargain","weaponskill","Unseelie Bargain - the bargain demands decisive force; use a weapon skill!","The fight owner must use any weapon skill during the window.","5","30","PARALYSIS","10","The unseelie price is taken.","The bargain is rejected.","10s vulnerability: DEF -500, EVA -200, MDEF -65; also removes one escalation stack.","Unseelie Bargain - Reversal 1","far","At 70%: Unseelie Bargain - Reversal 1 - the answer detonates outward; retreat beyond 13 yalms!","Move at least 13 yalms from the boss.","5","30","PARALYSIS","10","The unseelie price is taken.","The bargain is rejected.","10s vulnerability: DEF -500, EVA -200, MDEF -65; also removes one escalation stack.","Unseelie Bargain - Reversal 1 - Reversal 2","near","Final test at 30%: Unseelie Bargain - Reversal 1 - Reversal 2 - the outer ring closes; move within 6 yalms!","Move within 6 yalms of the boss.","4","35","PARALYSIS","10","The unseelie price is taken.","The bargain is rejected.","16s vulnerability: DEF -500, EVA -200, MDEF -65; also removes one escalation stack.","ATT +1500; MATT +600","ATT +525; MATT +165; Haste +0.25%","Only the player who popped the NM is checked; Trust actions do not fail hold-fire tests.","Red removes one escalation stack; Yellow suppresses spells and opens magic vulnerability; Blue suppresses TP moves and opens physical vulnerability.","First logical clear refunds half pop cost. 2+ real PCs: x2 Gil/Infamy. No Trusts: x1.5. Bonuses stack to x3.","teugghia"
"Ningishzida","Abyssea - Grauberg","3","Heroes","Advanced","No","Standard Heroes encounter: repeating signature, first reversal at 70%, second reversal at 30%.","Relic plus up to two Atma slots","10-14 min solo / 6-9 min group","150","14000000","21700000","29400000","500","60","750000","2000","9500","1650","4500","1100","1400","1100","550","400","30","20","100","16","36","480","20","Three-Trophy Ward","burst","Three-Trophy Ward - three trophies form a ward; deal 5% HP!","Deal 5% of maximum HP before the check: 700,000 solo / 1,085,000 with 2 PCs / 1,470,000 with 3+ PCs.","5","30","BLINDNESS","10","The completed ward hardens the wyrm.","The trophies shatter.","10s vulnerability: DEF -500, EVA -200, MDEF -65; also removes one escalation stack.","Three-Trophy Ward - Reversal 1","far","At 70%: Three-Trophy Ward - Reversal 1 - the broken ward erupts outward; retreat beyond 13 yalms!","Move at least 13 yalms from the boss.","5","30","BLINDNESS","10","The completed ward hardens the wyrm.","The trophies shatter.","10s vulnerability: DEF -500, EVA -200, MDEF -65; also removes one escalation stack.","Three-Trophy Ward - Reversal 1 - Reversal 2","near","Final test at 30%: Three-Trophy Ward - Reversal 1 - Reversal 2 - the outer ring closes; move within 6 yalms!","Move within 6 yalms of the boss.","4","35","BLINDNESS","10","The completed ward hardens the wyrm.","The trophies shatter.","16s vulnerability: DEF -500, EVA -200, MDEF -65; also removes one escalation stack.","ATT +1500; MATT +600","ATT +525; MATT +165; Haste +0.25%","Only the player who popped the NM is checked; Trust actions do not fail hold-fire tests.","Red removes one escalation stack; Yellow suppresses spells and opens magic vulnerability; Blue suppresses TP moves and opens physical vulnerability.","First logical clear refunds half pop cost. 2+ real PCs: x2 Gil/Infamy. No Trusts: x1.5. Bonuses stack to x3.","ningishzida"
"Burstrox Powderpate","Abyssea - Grauberg","3","Heroes","Advanced","No","Standard Heroes encounter: repeating signature, first reversal at 70%, second reversal at 30%.","Relic plus up to two Atma slots","10-14 min solo / 6-9 min group","150","14000000","21700000","29400000","500","60","750000","2000","9500","1650","4500","1100","1400","1100","550","400","30","20","100","16","36","480","20","Goblin Rope Fuse","move","Goblin Rope Fuse - a powder keg is lashed to your position; move 12 yalms!","Move at least 12 yalms from the position where the tell began.","5","30","SLOW","10","The rope holds you in the blast.","The keg detonates behind you.","10s vulnerability: DEF -500, EVA -200, MDEF -65; also removes one escalation stack.","Goblin Rope Fuse - Reversal 1","rear","At 70%: Goblin Rope Fuse - Reversal 1 - the marked path turns forward; reach the rear!","Move behind the boss (default safe rear arc is approximately 48 degrees).","5","30","SLOW","10","The rope holds you in the blast.","The keg detonates behind you.","10s vulnerability: DEF -500, EVA -200, MDEF -65; also removes one escalation stack.","Goblin Rope Fuse - Reversal 1 - Reversal 2","far","Final test at 30%: Goblin Rope Fuse - Reversal 1 - Reversal 2 - the rear erupts; retreat beyond 13 yalms!","Move at least 13 yalms from the boss.","4","35","SLOW","10","The rope holds you in the blast.","The keg detonates behind you.","16s vulnerability: DEF -500, EVA -200, MDEF -65; also removes one escalation stack.","ATT +1500; MATT +600","ATT +525; MATT +165; Haste +0.25%","Only the player who popped the NM is checked; Trust actions do not fail hold-fire tests.","Red removes one escalation stack; Yellow suppresses spells and opens magic vulnerability; Blue suppresses TP moves and opens physical vulnerability.","First logical clear refunds half pop cost. 2+ real PCs: x2 Gil/Infamy. No Trusts: x1.5. Bonuses stack to x3.","burstroxpowderpate"
"Teekesselchen","Abyssea - Grauberg","3","Heroes","Advanced","No","Standard Heroes encounter: repeating signature, first reversal at 70%, second reversal at 30%.","Relic plus up to two Atma slots","10-14 min solo / 6-9 min group","150","14000000","21700000","29400000","500","60","750000","2000","9500","1650","4500","1100","1400","1100","550","400","30","20","100","16","36","480","20","Bubbling Pressure","hold","Bubbling Pressure - the kettle seals under pressure; cease attacks!","Stop all owner damage: disengage/turn, do not weapon skill, and let the window expire.","5","30","SILENCE","10","Your strike ruptures the kettle.","The pressure vents safely.","10s vulnerability: DEF -500, EVA -200, MDEF -65; also removes one escalation stack.","Bubbling Pressure - Reversal 1","burst","At 70%: Bubbling Pressure - Reversal 1 - the restraint breaks; deal 4% HP before it reforms!","Deal 4% of maximum HP before the check: 560,000 solo / 868,000 with 2 PCs / 1,176,000 with 3+ PCs.","5","30","SILENCE","10","Your strike ruptures the kettle.","The pressure vents safely.","10s vulnerability: DEF -500, EVA -200, MDEF -65; also removes one escalation stack.","Bubbling Pressure - Reversal 1 - Reversal 2","far","Final test at 30%: Bubbling Pressure - Reversal 1 - Reversal 2 - the broken ward erupts outward; retreat beyond 13 yalms!","Move at least 13 yalms from the boss.","4","35","SILENCE","10","Your strike ruptures the kettle.","The pressure vents safely.","16s vulnerability: DEF -500, EVA -200, MDEF -65; also removes one escalation stack.","ATT +1500; MATT +600","ATT +525; MATT +165; Haste +0.25%","Only the player who popped the NM is checked; Trust actions do not fail hold-fire tests.","Red removes one escalation stack; Yellow suppresses spells and opens magic vulnerability; Blue suppresses TP moves and opens physical vulnerability.","First logical clear refunds half pop cost. 2+ real PCs: x2 Gil/Infamy. No Trusts: x1.5. Bonuses stack to x3.","teekesselchen"
"Ironclad Sunderer","Abyssea - Grauberg","3","Heroes","Advanced","No","Standard Heroes encounter: repeating signature, first reversal at 70%, second reversal at 30%.","Relic plus up to two Atma slots","10-14 min solo / 6-9 min group","150","14000000","21700000","29400000","500","60","750000","2000","9500","1650","4500","1100","1400","1100","550","400","30","20","100","16","36","480","20","Darkflame Sunder","far","Darkflame Sunder - darkflame expands from the arm; retreat 15 yalms!","Move at least 15 yalms from the boss.","5","30","PLAGUE","10","The sundered flame consumes your guard.","The flame gutters out.","10s vulnerability: DEF -500, EVA -200, MDEF -65; also removes one escalation stack.","Darkflame Sunder - Reversal 1","near","At 70%: Darkflame Sunder - Reversal 1 - the outer ring closes; move within 6 yalms!","Move within 6 yalms of the boss.","5","30","PLAGUE","10","The sundered flame consumes your guard.","The flame gutters out.","10s vulnerability: DEF -500, EVA -200, MDEF -65; also removes one escalation stack.","Darkflame Sunder - Reversal 1 - Reversal 2","move","Final test at 30%: Darkflame Sunder - Reversal 1 - Reversal 2 - the safe center shifts; move at least 9 yalms!","Move at least 9 yalms from the position where the tell began.","4","35","PLAGUE","10","The sundered flame consumes your guard.","The flame gutters out.","16s vulnerability: DEF -500, EVA -200, MDEF -65; also removes one escalation stack.","ATT +1500; MATT +600","ATT +525; MATT +165; Haste +0.25%","Only the player who popped the NM is checked; Trust actions do not fail hold-fire tests.","Red removes one escalation stack; Yellow suppresses spells and opens magic vulnerability; Blue suppresses TP moves and opens physical vulnerability.","First logical clear refunds half pop cost. 2+ real PCs: x2 Gil/Infamy. No Trusts: x1.5. Bonuses stack to x3.","ironcladsunderer"
"Alfard","Abyssea - Grauberg","3","Heroes","Advanced","Yes","Flagship encounter: repeats its signature, repeats it at 70%, then changes to a bespoke climax at 30%.","Relic plus up to two Atma slots","10-14 min solo / 6-9 min group","150","14000000","21700000","29400000","500","60","750000","2000","9500","1650","4500","1100","1400","1100","550","400","30","20","100","16","36","480","20","Serpentine Front","rear","Serpentine Front - poison and curse flood its front; take the rear!","Move behind the boss (default safe rear arc is approximately 48 degrees).","5","30","CURSE_I","10","The frontal aura corrupts you.","You find the narrow safe angle.","10s vulnerability: DEF -500, EVA -200, MDEF -65; also removes one escalation stack.","Serpentine Front","rear","At 70%: Serpentine Front - poison and curse flood its front; take the rear!","Move behind the boss (default safe rear arc is approximately 48 degrees).","5","30","CURSE_I","10","The frontal aura corrupts you.","You find the narrow safe angle.","10s vulnerability: DEF -500, EVA -200, MDEF -65; also removes one escalation stack.","Tail Reversal","face","Final test at 30%: Tail Reversal - the tail punishes the rear; return to its face!","Face the boss when the check resolves.","4","35","PARALYSIS","10","The reversal paralyzes you.","The tail sweeps empty ground.","16s vulnerability: DEF -500, EVA -200, MDEF -65; also removes one escalation stack.","ATT +1500; MATT +600","ATT +525; MATT +165; Haste +0.25%","Only the player who popped the NM is checked; Trust actions do not fail hold-fire tests.","Red removes one escalation stack; Yellow suppresses spells and opens magic vulnerability; Blue suppresses TP moves and opens physical vulnerability.","First logical clear refunds half pop cost. 2+ real PCs: x2 Gil/Infamy. No Trusts: x1.5. Bonuses stack to x3.","alfard"
"Azdaja","Abyssea - Grauberg","3","Heroes","Advanced","Yes","Flagship encounter: repeats its signature, repeats it at 70%, then changes to a bespoke climax at 30%.","Relic plus up to two Atma slots","10-14 min solo / 6-9 min group","150","14000000","21700000","29400000","500","60","750000","2000","9500","1650","4500","1100","1400","1100","550","400","30","20","100","16","36","480","20","Rotating Breath Aura","rear","Rotating Breath Aura - the current breath aura gathers forward; take the rear!","Move behind the boss (default safe rear arc is approximately 48 degrees).","5","30","PLAGUE","10","The breath aura brands you.","The aura misses and the wings sag.","10s vulnerability: DEF -500, EVA -200, MDEF -65; also removes one escalation stack.","Rotating Breath Aura","rear","At 70%: Rotating Breath Aura - the current breath aura gathers forward; take the rear!","Move behind the boss (default safe rear arc is approximately 48 degrees).","5","30","PLAGUE","10","The breath aura brands you.","The aura misses and the wings sag.","10s vulnerability: DEF -500, EVA -200, MDEF -65; also removes one escalation stack.","Spike Flail","near","Final test at 30%: Spike Flail - the tail rises; close within 6 yalms and face the wyrm!","Move within 6 yalms of the boss.","4","35","TERROR","5","Spike Flail hurls you aside.","You crowd inside the flail arc.","16s vulnerability: DEF -500, EVA -200, MDEF -65; also removes one escalation stack.","ATT +1500; MATT +600","ATT +525; MATT +165; Haste +0.25%","Only the player who popped the NM is checked; Trust actions do not fail hold-fire tests.","Red removes one escalation stack; Yellow suppresses spells and opens magic vulnerability; Blue suppresses TP moves and opens physical vulnerability.","First logical clear refunds half pop cost. 2+ real PCs: x2 Gil/Infamy. No Trusts: x1.5. Bonuses stack to x3.","azdaja"
"Raja","Abyssea - Grauberg","3","Heroes","Advanced","Yes","Flagship encounter: repeats its signature, repeats it at 70%, then changes to a bespoke climax at 30%.","Relic plus up to two Atma slots","10-14 min solo / 6-9 min group","150","14000000","21700000","29400000","500","60","750000","2000","9500","1650","4500","1100","1400","1100","550","400","30","20","100","16","36","480","20","Royal Decree","weaponskill","Royal Decree - support is being sealed; break the decree with a weapon skill!","The fight owner must use any weapon skill during the window.","5","30","AMNESIA","10","Your arts are briefly sealed.","The decree fractures.","10s vulnerability: DEF -500, EVA -200, MDEF -65; also removes one escalation stack.","Royal Decree","weaponskill","At 70%: Royal Decree - support is being sealed; break the decree with a weapon skill!","The fight owner must use any weapon skill during the window.","5","30","AMNESIA","10","Your arts are briefly sealed.","The decree fractures.","10s vulnerability: DEF -500, EVA -200, MDEF -65; also removes one escalation stack.","Stygian Sphere","burst","Final test at 30%: Stygian Sphere - matching stoneskin forms; deal 5% HP to crack it!","Deal 5% of maximum HP before the check: 700,000 solo / 1,085,000 with 2 PCs / 1,470,000 with 3+ PCs.","4","35","SILENCE","10","The sphere completes its protection.","The sphere bursts and Raja is exposed.","16s vulnerability: DEF -500, EVA -200, MDEF -65; also removes one escalation stack.","ATT +1500; MATT +600","ATT +525; MATT +165; Haste +0.25%","Only the player who popped the NM is checked; Trust actions do not fail hold-fire tests.","Red removes one escalation stack; Yellow suppresses spells and opens magic vulnerability; Blue suppresses TP moves and opens physical vulnerability.","First logical clear refunds half pop cost. 2+ real PCs: x2 Gil/Infamy. No Trusts: x1.5. Bonuses stack to x3.","raja"
"Amphitrite","Abyssea - Grauberg","3","Heroes","Advanced","Yes","Flagship encounter: repeats its signature, repeats it at 70%, then changes to a bespoke climax at 30%.","Relic plus up to two Atma slots","10-14 min solo / 6-9 min group","150","14000000","21700000","29400000","500","60","750000","2000","9500","1650","4500","1100","1400","1100","550","400","30","20","100","16","36","480","20","Physical Absorption","hold","Physical Absorption - the shell prepares to absorb force; cease attacks!","Stop all owner damage: disengage/turn, do not weapon skill, and let the window expire.","5","30","SLOW","10","Your force is swallowed.","The shell opens unfed.","10s vulnerability: DEF -500, EVA -200, MDEF -65; also removes one escalation stack.","Physical Absorption","hold","At 70%: Physical Absorption - the shell prepares to absorb force; cease attacks!","Stop all owner damage: disengage/turn, do not weapon skill, and let the window expire.","5","30","SLOW","10","Your force is swallowed.","The shell opens unfed.","10s vulnerability: DEF -500, EVA -200, MDEF -65; also removes one escalation stack.","Delayed Reversal","weaponskill","Final test at 30%: Delayed Reversal - the shell changes mode; wait for the tell, then weapon skill!","The fight owner must use any weapon skill during the window.","4","35","PARALYSIS","10","The reversal catches your timing.","The delayed opening is struck.","16s vulnerability: DEF -500, EVA -200, MDEF -65; also removes one escalation stack.","ATT +1500; MATT +600","ATT +525; MATT +165; Haste +0.25%","Only the player who popped the NM is checked; Trust actions do not fail hold-fire tests.","Red removes one escalation stack; Yellow suppresses spells and opens magic vulnerability; Blue suppresses TP moves and opens physical vulnerability.","First logical clear refunds half pop cost. 2+ real PCs: x2 Gil/Infamy. No Trusts: x1.5. Bonuses stack to x3.","amphitrite"
"Ironclad Triturator","Abyssea - Uleguerand","3","Heroes","Advanced","No","Standard Heroes encounter: repeating signature, first reversal at 70%, second reversal at 30%.","Relic plus up to two Atma slots","10-14 min solo / 6-9 min group","150","14000000","21700000","29400000","500","60","750000","2000","9500","1650","4500","1100","1400","1100","550","400","30","20","100","16","36","480","20","Triturating Beam","move","Triturating Beam - a beam grid fixes your ground; move 12 yalms!","Move at least 12 yalms from the position where the tell began.","5","30","SLOW","10","The grid pulverizes you.","The beam grinds empty ice.","10s vulnerability: DEF -500, EVA -200, MDEF -65; also removes one escalation stack.","Triturating Beam - Reversal 1","rear","At 70%: Triturating Beam - Reversal 1 - the marked path turns forward; reach the rear!","Move behind the boss (default safe rear arc is approximately 48 degrees).","5","30","SLOW","10","The grid pulverizes you.","The beam grinds empty ice.","10s vulnerability: DEF -500, EVA -200, MDEF -65; also removes one escalation stack.","Triturating Beam - Reversal 1 - Reversal 2","far","Final test at 30%: Triturating Beam - Reversal 1 - Reversal 2 - the rear erupts; retreat beyond 13 yalms!","Move at least 13 yalms from the boss.","4","35","SLOW","10","The grid pulverizes you.","The beam grinds empty ice.","16s vulnerability: DEF -500, EVA -200, MDEF -65; also removes one escalation stack.","ATT +1500; MATT +600","ATT +525; MATT +165; Haste +0.25%","Only the player who popped the NM is checked; Trust actions do not fail hold-fire tests.","Red removes one escalation stack; Yellow suppresses spells and opens magic vulnerability; Blue suppresses TP moves and opens physical vulnerability.","First logical clear refunds half pop cost. 2+ real PCs: x2 Gil/Infamy. No Trusts: x1.5. Bonuses stack to x3.","ironcladtriturator"
"Dhorme Khimaira","Abyssea - Uleguerand","3","Heroes","Advanced","No","Standard Heroes encounter: repeating signature, first reversal at 70%, second reversal at 30%.","Relic plus up to two Atma slots","10-14 min solo / 6-9 min group","150","14000000","21700000","29400000","500","60","750000","2000","9500","1650","4500","1100","1400","1100","550","400","30","20","100","16","36","480","20","Torn-Wing Fulmination","far","Torn-Wing Fulmination - the torn wing crackles; retreat 15 yalms!","Move at least 15 yalms from the boss.","5","30","SILENCE","10","Fulmination catches you.","The charge grounds out.","10s vulnerability: DEF -500, EVA -200, MDEF -65; also removes one escalation stack.","Torn-Wing Fulmination - Reversal 1","near","At 70%: Torn-Wing Fulmination - Reversal 1 - the outer ring closes; move within 6 yalms!","Move within 6 yalms of the boss.","5","30","SILENCE","10","Fulmination catches you.","The charge grounds out.","10s vulnerability: DEF -500, EVA -200, MDEF -65; also removes one escalation stack.","Torn-Wing Fulmination - Reversal 1 - Reversal 2","move","Final test at 30%: Torn-Wing Fulmination - Reversal 1 - Reversal 2 - the safe center shifts; move at least 9 yalms!","Move at least 9 yalms from the position where the tell began.","4","35","SILENCE","10","Fulmination catches you.","The charge grounds out.","16s vulnerability: DEF -500, EVA -200, MDEF -65; also removes one escalation stack.","ATT +1500; MATT +600","ATT +525; MATT +165; Haste +0.25%","Only the player who popped the NM is checked; Trust actions do not fail hold-fire tests.","Red removes one escalation stack; Yellow suppresses spells and opens magic vulnerability; Blue suppresses TP moves and opens physical vulnerability.","First logical clear refunds half pop cost. 2+ real PCs: x2 Gil/Infamy. No Trusts: x1.5. Bonuses stack to x3.","dhormekhimaira"
"Blanga","Abyssea - Uleguerand","3","Heroes","Advanced","No","Standard Heroes encounter: repeating signature, first reversal at 70%, second reversal at 30%.","Relic plus up to two Atma slots","10-14 min solo / 6-9 min group","150","14000000","21700000","29400000","500","60","750000","2000","9500","1650","4500","1100","1400","1100","550","400","30","20","100","16","36","480","20","Rimed Sentry","turn","Rimed Sentry - the sentry horn flashes; turn away!","Turn away; the owner must not be facing the boss when the check resolves.","5","30","PLAGUE","10","The rime freezes your reactions.","The signal loses its target.","10s vulnerability: DEF -500, EVA -200, MDEF -65; also removes one escalation stack.","Rimed Sentry - Reversal 1","move","At 70%: Rimed Sentry - Reversal 1 - the pattern reverses; move at least 9 yalms!","Move at least 9 yalms from the position where the tell began.","5","30","PLAGUE","10","The rime freezes your reactions.","The signal loses its target.","10s vulnerability: DEF -500, EVA -200, MDEF -65; also removes one escalation stack.","Rimed Sentry - Reversal 1 - Reversal 2","rear","Final test at 30%: Rimed Sentry - Reversal 1 - Reversal 2 - the marked path turns forward; reach the rear!","Move behind the boss (default safe rear arc is approximately 48 degrees).","4","35","PLAGUE","10","The rime freezes your reactions.","The signal loses its target.","16s vulnerability: DEF -500, EVA -200, MDEF -65; also removes one escalation stack.","ATT +1500; MATT +600","ATT +525; MATT +165; Haste +0.25%","Only the player who popped the NM is checked; Trust actions do not fail hold-fire tests.","Red removes one escalation stack; Yellow suppresses spells and opens magic vulnerability; Blue suppresses TP moves and opens physical vulnerability.","First logical clear refunds half pop cost. 2+ real PCs: x2 Gil/Infamy. No Trusts: x1.5. Bonuses stack to x3.","blanga"
"Yaguarogui","Abyssea - Uleguerand","3","Heroes","Advanced","No","Standard Heroes encounter: repeating signature, first reversal at 70%, second reversal at 30%.","Relic plus up to two Atma slots","10-14 min solo / 6-9 min group","150","14000000","21700000","29400000","500","60","750000","2000","9500","1650","4500","1100","1400","1100","550","400","30","20","100","16","36","480","20","Black-Tiger Vector","rear","Black-Tiger Vector - the tiger commits to a forward vector; reach the rear!","Move behind the boss (default safe rear arc is approximately 48 degrees).","5","30","AMNESIA","10","The rush mauls you.","The vector carries it past.","10s vulnerability: DEF -500, EVA -200, MDEF -65; also removes one escalation stack.","Black-Tiger Vector - Reversal 1","far","At 70%: Black-Tiger Vector - Reversal 1 - the rear erupts; retreat beyond 13 yalms!","Move at least 13 yalms from the boss.","5","30","AMNESIA","10","The rush mauls you.","The vector carries it past.","10s vulnerability: DEF -500, EVA -200, MDEF -65; also removes one escalation stack.","Black-Tiger Vector - Reversal 1 - Reversal 2","near","Final test at 30%: Black-Tiger Vector - Reversal 1 - Reversal 2 - the outer ring closes; move within 6 yalms!","Move within 6 yalms of the boss.","4","35","AMNESIA","10","The rush mauls you.","The vector carries it past.","16s vulnerability: DEF -500, EVA -200, MDEF -65; also removes one escalation stack.","ATT +1500; MATT +600","ATT +525; MATT +165; Haste +0.25%","Only the player who popped the NM is checked; Trust actions do not fail hold-fire tests.","Red removes one escalation stack; Yellow suppresses spells and opens magic vulnerability; Blue suppresses TP moves and opens physical vulnerability.","First logical clear refunds half pop cost. 2+ real PCs: x2 Gil/Infamy. No Trusts: x1.5. Bonuses stack to x3.","yaguarogui"
"Koghatu","Abyssea - Uleguerand","3","Heroes","Advanced","No","Standard Heroes encounter: repeating signature, first reversal at 70%, second reversal at 30%.","Relic plus up to two Atma slots","10-14 min solo / 6-9 min group","150","14000000","21700000","29400000","500","60","750000","2000","9500","1650","4500","1100","1400","1100","550","400","30","20","100","16","36","480","20","Bevel-Gear Lock","burst","Bevel-Gear Lock - gears mesh into armor; deal 5% HP!","Deal 5% of maximum HP before the check: 700,000 solo / 1,085,000 with 2 PCs / 1,470,000 with 3+ PCs.","5","30","POISON","10","The lock completes.","The gear train jams.","10s vulnerability: DEF -500, EVA -200, MDEF -65; also removes one escalation stack.","Bevel-Gear Lock - Reversal 1","far","At 70%: Bevel-Gear Lock - Reversal 1 - the broken ward erupts outward; retreat beyond 13 yalms!","Move at least 13 yalms from the boss.","5","30","POISON","10","The lock completes.","The gear train jams.","10s vulnerability: DEF -500, EVA -200, MDEF -65; also removes one escalation stack.","Bevel-Gear Lock - Reversal 1 - Reversal 2","near","Final test at 30%: Bevel-Gear Lock - Reversal 1 - Reversal 2 - the outer ring closes; move within 6 yalms!","Move within 6 yalms of the boss.","4","35","POISON","10","The lock completes.","The gear train jams.","16s vulnerability: DEF -500, EVA -200, MDEF -65; also removes one escalation stack.","ATT +1500; MATT +600","ATT +525; MATT +165; Haste +0.25%","Only the player who popped the NM is checked; Trust actions do not fail hold-fire tests.","Red removes one escalation stack; Yellow suppresses spells and opens magic vulnerability; Blue suppresses TP moves and opens physical vulnerability.","First logical clear refunds half pop cost. 2+ real PCs: x2 Gil/Infamy. No Trusts: x1.5. Bonuses stack to x3.","koghatu"
"Upas-Kamuy","Abyssea - Uleguerand","3","Heroes","Advanced","No","Standard Heroes encounter: repeating signature, first reversal at 70%, second reversal at 30%.","Relic plus up to two Atma slots","10-14 min solo / 6-9 min group","150","14000000","21700000","29400000","500","60","750000","2000","9500","1650","4500","1100","1400","1100","550","400","30","20","100","16","36","480","20","Snow-God Core","near","Snow-God Core - the blizzard expands outward; close within 5 yalms!","Move within 5 yalms of the boss.","5","30","PARALYSIS","10","The blizzard freezes your will.","You enter the eye of the storm.","10s vulnerability: DEF -500, EVA -200, MDEF -65; also removes one escalation stack.","Snow-God Core - Reversal 1","move","At 70%: Snow-God Core - Reversal 1 - the safe center shifts; move at least 9 yalms!","Move at least 9 yalms from the position where the tell began.","5","30","PARALYSIS","10","The blizzard freezes your will.","You enter the eye of the storm.","10s vulnerability: DEF -500, EVA -200, MDEF -65; also removes one escalation stack.","Snow-God Core - Reversal 1 - Reversal 2","rear","Final test at 30%: Snow-God Core - Reversal 1 - Reversal 2 - the marked path turns forward; reach the rear!","Move behind the boss (default safe rear arc is approximately 48 degrees).","4","35","PARALYSIS","10","The blizzard freezes your will.","You enter the eye of the storm.","16s vulnerability: DEF -500, EVA -200, MDEF -65; also removes one escalation stack.","ATT +1500; MATT +600","ATT +525; MATT +165; Haste +0.25%","Only the player who popped the NM is checked; Trust actions do not fail hold-fire tests.","Red removes one escalation stack; Yellow suppresses spells and opens magic vulnerability; Blue suppresses TP moves and opens physical vulnerability.","First logical clear refunds half pop cost. 2+ real PCs: x2 Gil/Infamy. No Trusts: x1.5. Bonuses stack to x3.","upaskamuy"
"Veri Selen","Abyssea - Uleguerand","3","Heroes","Advanced","No","Standard Heroes encounter: repeating signature, first reversal at 70%, second reversal at 30%.","Relic plus up to two Atma slots","10-14 min solo / 6-9 min group","150","14000000","21700000","29400000","500","60","750000","2000","9500","1650","4500","1100","1400","1100","550","400","30","20","100","16","36","480","20","Ice-Scale Refraction","hold","Ice-Scale Refraction - the scales refract attacks; cease fire!","Stop all owner damage: disengage/turn, do not weapon skill, and let the window expire.","5","30","BLINDNESS","10","Your attack returns as ice.","The refraction fades.","10s vulnerability: DEF -500, EVA -200, MDEF -65; also removes one escalation stack.","Ice-Scale Refraction - Reversal 1","burst","At 70%: Ice-Scale Refraction - Reversal 1 - the restraint breaks; deal 4% HP before it reforms!","Deal 4% of maximum HP before the check: 560,000 solo / 868,000 with 2 PCs / 1,176,000 with 3+ PCs.","5","30","BLINDNESS","10","Your attack returns as ice.","The refraction fades.","10s vulnerability: DEF -500, EVA -200, MDEF -65; also removes one escalation stack.","Ice-Scale Refraction - Reversal 1 - Reversal 2","far","Final test at 30%: Ice-Scale Refraction - Reversal 1 - Reversal 2 - the broken ward erupts outward; retreat beyond 13 yalms!","Move at least 13 yalms from the boss.","4","35","BLINDNESS","10","Your attack returns as ice.","The refraction fades.","16s vulnerability: DEF -500, EVA -200, MDEF -65; also removes one escalation stack.","ATT +1500; MATT +600","ATT +525; MATT +165; Haste +0.25%","Only the player who popped the NM is checked; Trust actions do not fail hold-fire tests.","Red removes one escalation stack; Yellow suppresses spells and opens magic vulnerability; Blue suppresses TP moves and opens physical vulnerability.","First logical clear refunds half pop cost. 2+ real PCs: x2 Gil/Infamy. No Trusts: x1.5. Bonuses stack to x3.","veriselen"
"Chillwing Hwitti","Abyssea - Uleguerand","3","Heroes","Advanced","No","Standard Heroes encounter: repeating signature, first reversal at 70%, second reversal at 30%.","Relic plus up to two Atma slots","10-14 min solo / 6-9 min group","150","14000000","21700000","29400000","500","60","750000","2000","9500","1650","4500","1100","1400","1100","550","400","30","20","100","16","36","480","20","Rimed Wingbeat","far","Rimed Wingbeat - rimed wings drive a freezing front; retreat 14 yalms!","Move at least 14 yalms from the boss.","5","30","SLOW","10","The rime locks your actions.","The front shatters short.","10s vulnerability: DEF -500, EVA -200, MDEF -65; also removes one escalation stack.","Rimed Wingbeat - Reversal 1","near","At 70%: Rimed Wingbeat - Reversal 1 - the outer ring closes; move within 6 yalms!","Move within 6 yalms of the boss.","5","30","SLOW","10","The rime locks your actions.","The front shatters short.","10s vulnerability: DEF -500, EVA -200, MDEF -65; also removes one escalation stack.","Rimed Wingbeat - Reversal 1 - Reversal 2","move","Final test at 30%: Rimed Wingbeat - Reversal 1 - Reversal 2 - the safe center shifts; move at least 9 yalms!","Move at least 9 yalms from the position where the tell began.","4","35","SLOW","10","The rime locks your actions.","The front shatters short.","16s vulnerability: DEF -500, EVA -200, MDEF -65; also removes one escalation stack.","ATT +1500; MATT +600","ATT +525; MATT +165; Haste +0.25%","Only the player who popped the NM is checked; Trust actions do not fail hold-fire tests.","Red removes one escalation stack; Yellow suppresses spells and opens magic vulnerability; Blue suppresses TP moves and opens physical vulnerability.","First logical clear refunds half pop cost. 2+ real PCs: x2 Gil/Infamy. No Trusts: x1.5. Bonuses stack to x3.","chillwinghwitti"
"Anemic Aloysius","Abyssea - Uleguerand","3","Heroes","Advanced","No","Standard Heroes encounter: repeating signature, first reversal at 70%, second reversal at 30%.","Relic plus up to two Atma slots","10-14 min solo / 6-9 min group","150","14000000","21700000","29400000","500","60","750000","2000","9500","1650","4500","1100","1400","1100","550","400","30","20","100","16","36","480","20","Anemic Exchange","highhp","Anemic Exchange - it seeks weakened blood; recover above 70% HP!","Heal the fight owner to at least 70% HP.","5","30","SILENCE","10","Aloysius siphons your weakness.","Your vitality rejects the exchange.","10s vulnerability: DEF -500, EVA -200, MDEF -65; also removes one escalation stack.","Anemic Exchange - Reversal 1","move","At 70%: Anemic Exchange - Reversal 1 - vitality is marked; move at least 9 yalms!","Move at least 9 yalms from the position where the tell began.","5","30","SILENCE","10","Aloysius siphons your weakness.","Your vitality rejects the exchange.","10s vulnerability: DEF -500, EVA -200, MDEF -65; also removes one escalation stack.","Anemic Exchange - Reversal 1 - Reversal 2","rear","Final test at 30%: Anemic Exchange - Reversal 1 - Reversal 2 - the marked path turns forward; reach the rear!","Move behind the boss (default safe rear arc is approximately 48 degrees).","4","35","SILENCE","10","Aloysius siphons your weakness.","Your vitality rejects the exchange.","16s vulnerability: DEF -500, EVA -200, MDEF -65; also removes one escalation stack.","ATT +1500; MATT +600","ATT +525; MATT +165; Haste +0.25%","Only the player who popped the NM is checked; Trust actions do not fail hold-fire tests.","Red removes one escalation stack; Yellow suppresses spells and opens magic vulnerability; Blue suppresses TP moves and opens physical vulnerability.","First logical clear refunds half pop cost. 2+ real PCs: x2 Gil/Infamy. No Trusts: x1.5. Bonuses stack to x3.","anemicaloysius"
"Audumbla","Abyssea - Uleguerand","3","Heroes","Advanced","No","Standard Heroes encounter: repeating signature, first reversal at 70%, second reversal at 30%.","Relic plus up to two Atma slots","10-14 min solo / 6-9 min group","150","14000000","21700000","29400000","500","60","750000","2000","9500","1650","4500","1100","1400","1100","550","400","30","20","100","16","36","480","20","Frozen Stampede","move","Frozen Stampede - the herd-line marks your position; move 11 yalms!","Move at least 11 yalms from the position where the tell began.","5","30","PLAGUE","10","The frozen herd tramples you.","The stampede passes behind.","10s vulnerability: DEF -500, EVA -200, MDEF -65; also removes one escalation stack.","Frozen Stampede - Reversal 1","rear","At 70%: Frozen Stampede - Reversal 1 - the marked path turns forward; reach the rear!","Move behind the boss (default safe rear arc is approximately 48 degrees).","5","30","PLAGUE","10","The frozen herd tramples you.","The stampede passes behind.","10s vulnerability: DEF -500, EVA -200, MDEF -65; also removes one escalation stack.","Frozen Stampede - Reversal 1 - Reversal 2","far","Final test at 30%: Frozen Stampede - Reversal 1 - Reversal 2 - the rear erupts; retreat beyond 13 yalms!","Move at least 13 yalms from the boss.","4","35","PLAGUE","10","The frozen herd tramples you.","The stampede passes behind.","16s vulnerability: DEF -500, EVA -200, MDEF -65; also removes one escalation stack.","ATT +1500; MATT +600","ATT +525; MATT +165; Haste +0.25%","Only the player who popped the NM is checked; Trust actions do not fail hold-fire tests.","Red removes one escalation stack; Yellow suppresses spells and opens magic vulnerability; Blue suppresses TP moves and opens physical vulnerability.","First logical clear refunds half pop cost. 2+ real PCs: x2 Gil/Infamy. No Trusts: x1.5. Bonuses stack to x3.","audumbla"
"Pantokrator","Abyssea - Uleguerand","3","Heroes","Advanced","Yes","Flagship encounter: repeats its signature, repeats it at 70%, then changes to a bespoke climax at 30%.","Relic plus up to two Atma slots","10-14 min solo / 6-9 min group","150","14000000","21700000","29400000","500","60","750000","2000","9500","1650","4500","1100","1400","1100","550","400","30","20","100","16","36","480","20","Action Absorption","hold","Action Absorption - Omega absorbs damage while acting; cease attacks!","Stop all owner damage: disengage/turn, do not weapon skill, and let the window expire.","5","30","PLAGUE","10","Your attack repairs the frame.","The absorption starves and its frame opens.","10s vulnerability: DEF -500, EVA -200, MDEF -65; also removes one escalation stack.","Action Absorption","hold","At 70%: Action Absorption - Omega absorbs damage while acting; cease attacks!","Stop all owner damage: disengage/turn, do not weapon skill, and let the window expire.","5","30","PLAGUE","10","Your attack repairs the frame.","The absorption starves and its frame opens.","10s vulnerability: DEF -500, EVA -200, MDEF -65; also removes one escalation stack.","Stance Exhaustion","far","Final test at 30%: Stance Exhaustion - Chainspell and Hundred Fists peak; retreat 15 yalms!","Move at least 15 yalms from the boss.","4","35","TERROR","6","The stance burst overwhelms you.","Pantokrator exhausts its stance.","18s vulnerability: DEF -500, EVA -200, MDEF -65; also removes one escalation stack.","ATT +1500; MATT +600","ATT +525; MATT +165; Haste +0.25%","Only the player who popped the NM is checked; Trust actions do not fail hold-fire tests.","Red removes one escalation stack; Yellow suppresses spells and opens magic vulnerability; Blue suppresses TP moves and opens physical vulnerability.","First logical clear refunds half pop cost. 2+ real PCs: x2 Gil/Infamy. No Trusts: x1.5. Bonuses stack to x3.","pantokrator"
"Isgebind","Abyssea - Uleguerand","3","Heroes","Advanced","Yes","Flagship encounter: repeats its signature, repeats it at 70%, then changes to a bespoke climax at 30%.","Relic plus up to two Atma slots","10-14 min solo / 6-9 min group","150","14000000","21700000","29400000","500","60","750000","2000","9500","1650","4500","1100","1400","1100","550","400","30","20","100","16","36","480","20","Gregale Wing","burst","Gregale Wing - an ice plume sustains a Paralyze aura; deal 5% HP!","Deal 5% of maximum HP before the check: 700,000 solo / 1,085,000 with 2 PCs / 1,470,000 with 3+ PCs.","5","30","PARALYSIS","10","The aura freezes your nerves.","The plume shatters.","10s vulnerability: DEF -500, EVA -200, MDEF -65; also removes one escalation stack.","Gregale Wing","burst","At 70%: Gregale Wing - an ice plume sustains a Paralyze aura; deal 5% HP!","Deal 5% of maximum HP before the check: 700,000 solo / 1,085,000 with 2 PCs / 1,470,000 with 3+ PCs.","5","30","PARALYSIS","10","The aura freezes your nerves.","The plume shatters.","10s vulnerability: DEF -500, EVA -200, MDEF -65; also removes one escalation stack.","Glacial Breath","rear","Final test at 30%: Glacial Breath - the breath fixes forward; take the rear!","Move behind the boss (default safe rear arc is approximately 48 degrees).","4","35","PETRIFICATION","5","Glacial Breath entombs you.","The breath misses and the wyrm pants.","16s vulnerability: DEF -500, EVA -200, MDEF -65; also removes one escalation stack.","ATT +1500; MATT +600","ATT +525; MATT +165; Haste +0.25%","Only the player who popped the NM is checked; Trust actions do not fail hold-fire tests.","Red removes one escalation stack; Yellow suppresses spells and opens magic vulnerability; Blue suppresses TP moves and opens physical vulnerability.","First logical clear refunds half pop cost. 2+ real PCs: x2 Gil/Infamy. No Trusts: x1.5. Bonuses stack to x3.","isgebind"
"Apademak","Abyssea - Uleguerand","3","Heroes","Advanced","Yes","Flagship encounter: repeats its signature, repeats it at 70%, then changes to a bespoke climax at 30%.","Relic plus up to two Atma slots","10-14 min solo / 6-9 min group","150","14000000","21700000","29400000","500","60","750000","2000","9500","1650","4500","1100","1400","1100","550","400","30","20","100","16","36","480","20","Lightning Level","hold","Lightning Level - lightning would level it up; cease attacks during the charge!","Stop all owner damage: disengage/turn, do not weapon skill, and let the window expire.","5","30","PARALYSIS","10","Apademak gains a Fulmination level.","The charge grounds without feeding.","10s vulnerability: DEF -500, EVA -200, MDEF -65; also removes one escalation stack.","Lightning Level","hold","At 70%: Lightning Level - lightning would level it up; cease attacks during the charge!","Stop all owner damage: disengage/turn, do not weapon skill, and let the window expire.","5","30","PARALYSIS","10","Apademak gains a Fulmination level.","The charge grounds without feeding.","10s vulnerability: DEF -500, EVA -200, MDEF -65; also removes one escalation stack.","Fulmination Rod","burst","Final test at 30%: Fulmination Rod - a lightning rod overloads; deal 5% HP to discharge it!","Deal 5% of maximum HP before the check: 700,000 solo / 1,085,000 with 2 PCs / 1,470,000 with 3+ PCs.","4","35","TERROR","6","Fulmination detonates around you.","The stored level discharges safely.","16s vulnerability: DEF -500, EVA -200, MDEF -65; also removes one escalation stack.","ATT +1500; MATT +600","ATT +525; MATT +165; Haste +0.25%","Only the player who popped the NM is checked; Trust actions do not fail hold-fire tests.","Red removes one escalation stack; Yellow suppresses spells and opens magic vulnerability; Blue suppresses TP moves and opens physical vulnerability.","First logical clear refunds half pop cost. 2+ real PCs: x2 Gil/Infamy. No Trusts: x1.5. Bonuses stack to x3.","apademak"
"Resheph","Abyssea - Uleguerand","3","Heroes","Advanced","Yes","Flagship encounter: repeats its signature, repeats it at 70%, then changes to a bespoke climax at 30%.","Relic plus up to two Atma slots","10-14 min solo / 6-9 min group","150","14000000","21700000","29400000","500","60","750000","2000","9500","1650","4500","1100","1400","1100","550","400","30","20","100","16","36","480","20","Meikyo Chain","far","Meikyo Chain - a three-move chain begins; retreat 15 yalms!","Move at least 15 yalms from the boss.","5","30","AMNESIA","10","The chained techniques tear through you.","The chain spends itself at range.","10s vulnerability: DEF -500, EVA -200, MDEF -65; also removes one escalation stack.","Meikyo Chain","far","At 70%: Meikyo Chain - a three-move chain begins; retreat 15 yalms!","Move at least 15 yalms from the boss.","5","30","AMNESIA","10","The chained techniques tear through you.","The chain spends itself at range.","10s vulnerability: DEF -500, EVA -200, MDEF -65; also removes one escalation stack.","Tarsal Slam","highhp","Final test at 30%: Tarsal Slam - the Slam will leave you at death’s edge; recover above 75% HP!","Heal the fight owner to at least 75% HP.","4","35","TERROR","5","The follow-up finds you broken.","You endure the slam and its follow-up falters.","18s vulnerability: DEF -500, EVA -200, MDEF -65; also removes one escalation stack.","ATT +1500; MATT +600","ATT +525; MATT +165; Haste +0.25%","Only the player who popped the NM is checked; Trust actions do not fail hold-fire tests.","Red removes one escalation stack; Yellow suppresses spells and opens magic vulnerability; Blue suppresses TP moves and opens physical vulnerability.","First logical clear refunds half pop cost. 2+ real PCs: x2 Gil/Infamy. No Trusts: x1.5. Bonuses stack to x3.","resheph"
